{"sheep5-00000.png": {"Creeper": [], "Pig": [], "Zombie": [], "Sheep": [[149.29577464788733, 91.425, 97.04225352112677, 184.17499999999998]], "purge": false, "written": true}, "sheep5-00001.png": {"Creeper": [], "Pig": [], "Zombie": [], "Sheep": [], "purge": false, "written": false}, "sheep5-00002.png": {"Creeper": [], "Pig": [], "Zombie": [], "Sheep": [[174.67605633802816, 112.625, 44.04225352112676, 76.85]], "purge": false, "written": true}, "sheep5-00003.png": {"Creeper": [], "Pig": [], "Zombie": [], "Sheep": [[219.46478873239437, 176.225, 60.46478873239437, 129.85]], "purge": false, "written": true}, "sheep5-00004.png": {"Creeper": [], "Pig": [], "Zombie": [], "Sheep": [[229.16901408450704, 226.575, 59.71830985915493, 127.19999999999999]], "purge": false, "written": true}, "sheep5-00005.png": {"Creeper": [], "Pig": [], "Zombie": [], "Sheep": [[194.08450704225353, 242.475, 104.50704225352112, 137.79999999999998]], "purge": false, "written": true}, "sheep5-00006.png": {"Creeper": [], "Pig": [], "Zombie": [], "Sheep": [[167.2112676056338, 196.1, 23.140845070422536, 80.825]], "purge": false, "written": true}, "sheep5-00007.png": {"Creeper": [], "Pig": [], "Zombie": [], "Sheep": [[156.01408450704224, 145.75, 26.87323943661972, 41.074999999999996]], "purge": false, "written": true}, "sheep5-00008.png": {"Creeper": [], "Pig": [], "Zombie": [], "Sheep": [[129.88732394366198, 182.85, 15.67605633802817, 39.75]], "purge": false, "written": true}, "sheep5-00009.png": {"Creeper": [], "Pig": [], "Zombie": [], "Sheep": [[81.36619718309859, 212.0, 22.3943661971831, 39.75]], "purge": false, "written": true}, "sheep5-00010.png": {"Creeper": [], "Pig": [], "Zombie": [], "Sheep": [[142.57746478873239, 172.25, 23.140845070422536, 38.425]], "purge": false, "written": true}, "sheep5-00011.png": {"Creeper": [], "Pig": [], "Zombie": [], "Sheep": [[166.46478873239437, 177.54999999999998, 23.140845070422536, 42.4]], "purge": false, "written": true}, "sheep5-00012.png": {"Creeper": [], "Pig": [], "Zombie": [], "Sheep": [[212.74647887323943, 178.875, 26.87323943661972, 43.725]], "purge": false, "written": true}, "sheep5-00013.png": {"Creeper": [], "Pig": [], "Zombie": [], "Sheep": [[188.85915492957747, 166.95, 18.661971830985916, 26.5]], "purge": false, "written": true}, "sheep5-00014.png": {"Creeper": [], "Pig": [], "Zombie": [], "Sheep": [[149.29577464788733, 176.225, 14.929577464788732, 22.525]], "purge": false, "written": true}, "sheep5-00015.png": {"Creeper": [], "Pig": [], "Zombie": [], "Sheep": [[115.70422535211267, 155.025, 18.661971830985916, 23.849999999999998]], "purge": false, "written": true}, "sheep5-00016.png": {"Creeper": [], "Pig": [], "Zombie": [], "Sheep": [[120.92957746478874, 155.025, 17.91549295774648, 26.5]], "purge": false, "written": true}, "sheep5-00017.png": {"Creeper": [], "Pig": [], "Zombie": [], "Sheep": [[80.61971830985915, 103.35, 18.661971830985916, 35.775]], "purge": false, "written": true}, "sheep5-00018.png": {"Creeper": [], "Pig": [], "Zombie": [], "Sheep": [[131.38028169014083, 92.75, 14.929577464788732, 34.449999999999996]], "purge": false, "written": true}, "sheep5-00019.png": {"Creeper": [], "Pig": [], "Zombie": [], "Sheep": [[254.5492957746479, 139.125, 30.6056338028169, 38.425]], "purge": false, "written": true}, "sheep5-00020.png": {"Creeper": [], "Pig": [], "Zombie": [], "Sheep": [[277.6901408450704, 234.525, 32.098591549295776, 38.425]], "purge": false, "written": true}, "sheep5-00021.png": {"Creeper": [], "Pig": [], "Zombie": [], "Sheep": [[183.6338028169014, 198.75, 14.183098591549296, 30.474999999999998]], "purge": false, "written": true}, "sheep5-00022.png": {"Creeper": [], "Pig": [], "Zombie": [], "Sheep": [[114.21126760563381, 192.125, 14.929577464788732, 31.799999999999997]], "purge": false, "written": true}, "sheep5-00023.png": {"Creeper": [], "Pig": [], "Zombie": [], "Sheep": [[191.09859154929578, 121.89999999999999, 13.43661971830986, 31.799999999999997]], "purge": false, "written": true}, "sheep5-00024.png": {"Creeper": [], "Pig": [], "Zombie": [], "Sheep": [[226.1830985915493, 124.55, 22.3943661971831, 47.699999999999996]], "purge": false, "written": true}, "sheep5-00025.png": {"Creeper": [], "Pig": [], "Zombie": [], "Sheep": [[187.3661971830986, 109.975, 21.647887323943664, 53.0]], "purge": false, "written": true}, "sheep5-00026.png": {"Creeper": [], "Pig": [], "Zombie": [], "Sheep": [[170.19718309859155, 119.25, 26.12676056338028, 59.625]], "purge": false, "written": true}, "sheep5-00027.png": {"Creeper": [], "Pig": [], "Zombie": [], "Sheep": [[88.83098591549296, 193.45, 41.80281690140845, 66.25]], "purge": false, "written": true}, "sheep5-00028.png": {"Creeper": [], "Pig": [], "Zombie": [], "Sheep": [[67.92957746478874, 139.125, 50.76056338028169, 70.225]], "purge": false, "written": true}, "sheep5-00029.png": {"Creeper": [], "Pig": [], "Zombie": [], "Sheep": [[204.53521126760563, 197.42499999999998, 34.33802816901409, 64.925]], "purge": false, "written": true}, "sheep5-00030.png": {"Creeper": [], "Pig": [], "Zombie": [], "Sheep": [[151.53521126760563, 226.575, 48.521126760563384, 70.225]], "purge": false, "written": true}, "sheep5-00031.png": {"Creeper": [], "Pig": [], "Zombie": [], "Sheep": [[141.08450704225353, 124.55, 44.7887323943662, 88.77499999999999]], "purge": false, "written": true}, "sheep5-00032.png": {"Creeper": [], "Pig": [], "Zombie": [], "Sheep": [[145.56338028169014, 129.85, 20.901408450704224, 43.725]], "purge": false, "written": true}, "sheep5-00033.png": {"Creeper": [], "Pig": [], "Zombie": [], "Sheep": [[147.80281690140845, 140.45, 14.929577464788732, 29.15]], "purge": false, "written": true}, "sheep5-00034.png": {"Creeper": [], "Pig": [], "Zombie": [], "Sheep": [[176.9154929577465, 161.65, 14.929577464788732, 23.849999999999998]], "purge": false, "written": true}, "sheep5-00035.png": {"Creeper": [], "Pig": [], "Zombie": [], "Sheep": [[241.11267605633802, 180.2, 26.12676056338028, 33.125]], "purge": false, "written": true}, "sheep5-00036.png": {"Creeper": [], "Pig": [], "Zombie": [], "Sheep": [[248.57746478873239, 168.275, 26.12676056338028, 38.425]], "purge": false, "written": true}, "sheep5-00037.png": {"Creeper": [], "Pig": [], "Zombie": [], "Sheep": [[229.9154929577465, 127.19999999999999, 25.380281690140844, 42.4]], "purge": false, "written": true}, "sheep5-00038.png": {"Creeper": [], "Pig": [], "Zombie": [], "Sheep": [[74.64788732394366, 119.25, 32.098591549295776, 50.35]], "purge": false, "written": true}, "sheep5-00039.png": {"Creeper": [], "Pig": [], "Zombie": [], "Sheep": [[91.8169014084507, 237.17499999999998, 50.014084507042256, 143.1]], "purge": false, "written": true}, "sheep5-00040.png": {"Creeper": [], "Pig": [], "Zombie": [], "Sheep": [[118.69014084507042, 159.0, 63.45070422535211, 145.75]], "purge": false, "written": true}, "sheep5-00041.png": {"Creeper": [], "Pig": [], "Zombie": [], "Sheep": [[99.28169014084507, 204.04999999999998, 81.36619718309859, 145.75]], "purge": false, "written": true}, "sheep5-00042.png": {"Creeper": [], "Pig": [], "Zombie": [], "Sheep": [[98.53521126760563, 198.75, 33.59154929577465, 86.125]], "purge": false, "written": true}, "sheep5-00043.png": {"Creeper": [], "Pig": [], "Zombie": [], "Sheep": [[153.77464788732394, 205.375, 26.87323943661972, 78.175]], "purge": false, "written": true}, "sheep5-00044.png": {"Creeper": [], "Pig": [], "Zombie": [], "Sheep": [[173.1830985915493, 219.95, 23.887323943661972, 84.8]], "purge": false, "written": true}, "sheep5-00045.png": {"Creeper": [], "Pig": [], "Zombie": [], "Sheep": [[119.43661971830986, 193.45, 38.816901408450704, 82.14999999999999]], "purge": false, "written": true}, "sheep5-00046.png": {"Creeper": [], "Pig": [], "Zombie": [], "Sheep": [[159.0, 181.525, 46.28169014084507, 83.475]], "purge": false, "written": true}, "sheep5-00047.png": {"Creeper": [], "Pig": [], "Zombie": [], "Sheep": [[169.45070422535213, 155.025, 18.661971830985916, 53.0]], "purge": false, "written": true},