{"zombie8-00000.png": {"Creeper": [], "Pig": [], "Zombie": [[176.9154929577465, 132.5, 25.380281690140844, 76.85]], "Sheep": [], "purge": false, "written": true}, "zombie8-00001.png": {"Creeper": [], "Pig": [], "Zombie": [[179.1549295774648, 131.17499999999998, 28.366197183098592, 76.85]], "Sheep": [], "purge": false, "written": true}, "zombie8-00002.png": {"Creeper": [], "Pig": [], "Zombie": [[147.80281690140845, 172.25, 35.08450704225352, 96.725]], "Sheep": [], "purge": false, "written": true}, "zombie8-00003.png": {"Creeper": [], "Pig": [], "Zombie": [[130.6338028169014, 239.825, 47.774647887323944, 133.825]], "Sheep": [], "purge": false, "written": true}, "zombie8-00004.png": {"Creeper": [], "Pig": [], "Zombie": [[152.28169014084506, 109.975, 37.32394366197183, 119.25]], "Sheep": [], "purge": false, "written": true}, "zombie8-00005.png": {"Creeper": [], "Pig": [], "Zombie": [[165.71830985915494, 153.7, 38.070422535211264, 96.725]], "Sheep": [], "purge": false, "written": true}, "zombie8-00006.png": {"Creeper": [], "Pig": [], "Zombie": [[192.59154929577466, 159.0, 26.12676056338028, 75.52499999999999]], "Sheep": [], "purge": false, "written": true}, "zombie8-00007.png": {"Creeper": [], "Pig": [], "Zombie": [[170.94366197183098, 184.17499999999998, 27.619718309859156, 91.425]], "Sheep": [], "purge": false, "written": true}, "zombie8-00008.png": {"Creeper": [], "Pig": [], "Zombie": [[133.61971830985917, 100.7, 66.43661971830986, 200.075]], "Sheep": [], "purge": false, "written": true}, "zombie8-00009.png": {"Creeper": [], "Pig": [], "Zombie": [[133.61971830985917, 173.575, 25.380281690140844, 68.89999999999999]], "Sheep": [], "purge": false, "written": true}, "zombie8-00010.png": {"Creeper": [], "Pig": [], "Zombie": [[197.07042253521126, 139.125, 20.154929577464788, 79.5]], "Sheep": [], "purge": false, "written": true}, "zombie8-00011.png": {"Creeper": [], "Pig": [], "Zombie": [[228.42253521126761, 165.625, 28.366197183098592, 88.77499999999999]], "Sheep": [], "purge": false, "written": true}, "zombie8-00012.png": {"Creeper": [], "Pig": [], "Zombie": [[138.09859154929578, 162.975, 31.35211267605634, 86.125]], "Sheep": [], "purge": false, "written": true}, "zombie8-00013.png": {"Creeper": [], "Pig": [], "Zombie": [[49.267605633802816, 186.825, 61.2112676056338, 115.27499999999999]], "Sheep": [], "purge": false, "written": true}, "zombie8-00014.png": {"Creeper": [], "Pig": [], "Zombie": [[155.26760563380282, 125.875, 31.35211267605634, 109.975]], "Sheep": [], "purge": false, "written": true}, "zombie8-00015.png": {"Creeper": [], "Pig": [], "Zombie": [[191.09859154929578, 133.825, 18.661971830985916, 39.75]], "Sheep": [], "purge": false, "written": true}, "zombie8-00016.png": {"Creeper": [], "Pig": [], "Zombie": [[286.6478873239437, 221.275, 52.25352112676056, 90.1]], "Sheep": [], "purge": false, "written": true}, "zombie8-00017.png": {"Creeper": [], "Pig": [], "Zombie": [], "Sheep": [], "purge": false, "written": false}, "zombie8-00018.png": {"Creeper": [], "Pig": [], "Zombie": [[191.8450704225352, 190.79999999999998, 29.859154929577464, 108.64999999999999]], "Sheep": [], "purge": false, "written": true}, "zombie8-00019.png": {"Creeper": [], "Pig": [], "Zombie": [[182.88732394366198, 190.79999999999998, 50.76056338028169, 148.4]], "Sheep": [], "purge": false, "written": true}, "zombie8-00020.png": {"Creeper": [], "Pig": [], "Zombie": [[229.16901408450704, 177.54999999999998, 50.014084507042256, 139.125]], "Sheep": [], "purge": false, "written": true}, "zombie8-00021.png": {"Creeper": [], "Pig": [], "Zombie": [[201.5492957746479, 172.25, 33.59154929577465, 113.95]], "Sheep": [], "purge": false, "written": true}, "zombie8-00022.png": {"Creeper": [], "Pig": [], "Zombie": [[130.6338028169014, 113.95, 24.633802816901408, 84.8]], "Sheep": [], "purge": false, "written": true}, "zombie8-00023.png": {"Creeper": [], "Pig": [], "Zombie": [], "Sheep": [], "purge": false, "written": false}, "zombie8-00024.png": {"Creeper": [], "Pig": [], "Zombie": [[127.64788732394366, 174.9, 17.169014084507044, 43.725]], "Sheep": [], "purge": false, "written": true}, "zombie8-00025.png": {"Creeper": [], "Pig": [], "Zombie": [[144.07042253521126, 136.475, 19.408450704225352, 49.025]], "Sheep": [], "purge": false, "written": true}, "zombie8-00026.png": {"Creeper": [], "Pig": [], "Zombie": [], "Sheep": [], "purge": false, "written": false}, "zombie8-00027.png": {"Creeper": [], "Pig": [], "Zombie": [[151.53521126760563, 152.375, 17.169014084507044, 53.0]], "Sheep": [], "purge": false, "written": true}, "zombie8-00028.png": {"Creeper": [], "Pig": [], "Zombie": [[161.2394366197183, 133.825, 22.3943661971831, 60.949999999999996]], "Sheep": [], "purge": false, "written": true}, "zombie8-00029.png": {"Creeper": [], "Pig": [], "Zombie": [[86.59154929577466, 169.6, 30.6056338028169, 67.575]], "Sheep": [], "purge": false, "written": true}, "zombie8-00030.png": {"Creeper": [], "Pig": [], "Zombie": [[169.45070422535213, 128.525, 32.84507042253521, 99.375]], "Sheep": [], "purge": false, "written": true}, "zombie8-00031.png": {"Creeper": [], "Pig": [], "Zombie": [[194.83098591549296, 149.725, 52.25352112676056, 164.29999999999998]], "Sheep": [], "purge": false, "written": true}, "zombie8-00032.png": {"Creeper": [], "Pig": [], "Zombie": [[230.66197183098592, 103.35, 119.43661971830986, 204.04999999999998]], "Sheep": [], "purge": false, "written": true}, "zombie8-00033.png": {"Creeper": [], "Pig": [], "Zombie": [], "Sheep": [], "purge": [], "written": []}, "zombie8-00034.png": {"Creeper": [], "Pig": [], "Zombie": [[212.0, 156.35, 208.26760563380282, 314.025]], "Sheep": [], "purge": false, "written": true}, "zombie8-00035.png": {"Creeper": [], "Pig": [], "Zombie": [[152.28169014084506, 169.6, 40.309859154929576, 127.19999999999999]], "Sheep": [], "purge": false, "written": true}, "zombie8-00036.png": {"Creeper": [], "Pig": [], "Zombie": [[155.26760563380282, 136.475, 20.901408450704224, 60.949999999999996]], "Sheep": [], "purge": false, "written": true}, "zombie8-00037.png": {"Creeper": [], "Pig": [], "Zombie": [[141.08450704225353, 124.55, 24.633802816901408, 35.775]], "Sheep": [], "purge": false, "written": true}, "zombie8-00038.png": {"Creeper": [], "Pig": [], "Zombie": [[114.95774647887325, 149.725, 18.661971830985916, 33.125]], "Sheep": [], "purge": false, "written": true}, "zombie8-00039.png": {"Creeper": [], "Pig": [], "Zombie": [[226.92957746478874, 160.325, 40.309859154929576, 106.0]], "Sheep": [], "purge": false, "written": true}, "zombie8-00040.png": {"Creeper": [], "Pig": [], "Zombie": [[211.25352112676057, 188.15, 29.112676056338028, 84.8]], "Sheep": [], "purge": false, "written": true}, "zombie8-00041.png": {"Creeper": [], "Pig": [], "Zombie": [[193.33802816901408, 168.275, 14.929577464788732, 46.375]], "Sheep": [], "purge": false, "written": true}, "zombie8-00042.png": {"Creeper": [], "Pig": [], "Zombie": [[162.73239436619718, 168.275, 13.43661971830986, 37.1]], "Sheep": [], "purge": false, "written": true}, "zombie8-00043.png": {"Creeper": [], "Pig": [], "Zombie": [[95.54929577464789, 145.75, 11.943661971830986, 34.449999999999996]], "Sheep": [], "purge": false, "written": true}, "zombie8-00044.png": {"Creeper": [], "Pig": [], "Zombie": [[91.8169014084507, 149.725, 11.943661971830986, 35.775]], "Sheep": [], "purge": false, "written": true}, "zombie8-00045.png": {"Creeper": [], "Pig": [], "Zombie": [[204.53521126760563, 145.75, 13.43661971830986, 34.449999999999996]], "Sheep": [], "purge": false, "written": true}, "zombie8-00046.png": {"Creeper": [], "Pig": [], "Zombie": [[277.6901408450704, 115.27499999999999, 19.408450704225352, 43.725]], "Sheep": [], "purge": false, "written": true}, "zombie8-00047.png": {"Creeper": [], "Pig": [], "Zombie": [[129.14084507042253, 111.3, 10.450704225352112, 34.449999999999996]], "Sheep": [], "purge": false, "written": true}, "zombie8-00048.png": {"Creeper": [], "Pig": [],