{"sheep4-00000.png": {"Creeper": [], "Pig": [], "Zombie": [], "Sheep": [[144.81690140845072, 141.775, 20.901408450704224, 47.699999999999996]], "purge": false, "written": true}, "sheep4-00001.png": {"Creeper": [], "Pig": [], "Zombie": [], "Sheep": [[129.14084507042253, 136.475, 14.929577464788732, 37.1]], "purge": false, "written": true}, "sheep4-00002.png": {"Creeper": [], "Pig": [], "Zombie": [], "Sheep": [[124.66197183098592, 137.79999999999998, 17.169014084507044, 39.75]], "purge": false, "written": true}, "sheep4-00003.png": {"Creeper": [], "Pig": [], "Zombie": [], "Sheep": [[122.4225352112676, 173.575, 38.816901408450704, 59.625]], "purge": false, "written": true}, "sheep4-00004.png": {"Creeper": [], "Pig": [], "Zombie": [], "Sheep": [[86.59154929577466, 151.04999999999998, 80.61971830985915, 109.975]], "purge": false, "written": true}, "sheep4-00005.png": {"Creeper": [], "Pig": [], "Zombie": [], "Sheep": [[126.15492957746478, 188.15, 82.85915492957747, 121.89999999999999]], "purge": false, "written": true}, "sheep4-00006.png": {"Creeper": [], "Pig": [], "Zombie": [], "Sheep": [[183.6338028169014, 219.95, 61.2112676056338, 121.89999999999999]], "purge": false, "written": true}, "sheep4-00007.png": {"Creeper": [], "Pig": [], "Zombie": [], "Sheep": [[176.9154929577465, 145.75, 62.70422535211268, 112.625]], "purge": false, "written": true}, "sheep4-00008.png": {"Creeper": [], "Pig": [], "Zombie": [], "Sheep": [[172.43661971830986, 212.0, 31.35211267605634, 95.39999999999999]], "purge": false, "written": true}, "sheep4-00009.png": {"Creeper": [], "Pig": [], "Zombie": [], "Sheep": [[85.09859154929578, 237.17499999999998, 41.056338028169016, 115.27499999999999]], "purge": false, "written": true}, "sheep4-00010.png": {"Creeper": [], "Pig": [], "Zombie": [], "Sheep": [[246.33802816901408, 257.05, 50.76056338028169, 115.27499999999999]], "purge": false, "written": true}, "sheep4-00011.png": {"Creeper": [], "Pig": [], "Zombie": [], "Sheep": [[191.09859154929578, 99.375, 26.12676056338028, 56.975]], "purge": false, "written": true}, "sheep4-00012.png": {"Creeper": [], "Pig": [], "Zombie": [], "Sheep": [[88.08450704225352, 151.04999999999998, 20.154929577464788, 41.074999999999996]], "purge": false, "written": true}, "sheep4-00013.png": {"Creeper": [], "Pig": [], "Zombie": [], "Sheep": [[76.14084507042253, 135.15, 26.12676056338028, 37.1]], "purge": false, "written": true}, "sheep4-00014.png": {"Creeper": [], "Pig": [], "Zombie": [], "Sheep": [[232.1549295774648, 111.3, 24.633802816901408, 43.725]], "purge": false, "written": true}, "sheep4-00015.png": {"Creeper": [], "Pig": [], "Zombie": [], "Sheep": [[248.57746478873239, 217.29999999999998, 25.380281690140844, 41.074999999999996]], "purge": false, "written": true}, "sheep4-00016.png": {"Creeper": [], "Pig": [], "Zombie": [], "Sheep": [[194.83098591549296, 144.42499999999998, 18.661971830985916, 31.799999999999997]], "purge": false, "written": true}, "sheep4-00017.png": {"Creeper": [], "Pig": [], "Zombie": [], "Sheep": [[170.94366197183098, 166.95, 20.901408450704224, 31.799999999999997]], "purge": false, "written": true}, "sheep4-00018.png": {"Creeper": [], "Pig": [], "Zombie": [], "Sheep": [[164.9718309859155, 173.575, 23.887323943661972, 34.449999999999996]], "purge": false, "written": true}, "sheep4-00019.png": {"Creeper": [], "Pig": [], "Zombie": [], "Sheep": [[140.33802816901408, 202.725, 16.422535211267604, 45.05]], "purge": false, "written": true}, "sheep4-00020.png": {"Creeper": [], "Pig": [], "Zombie": [], "Sheep": [[99.28169014084507, 157.67499999999998, 26.12676056338028, 50.35]], "purge": false, "written": true}, "sheep4-00021.png": {"Creeper": [], "Pig": [], "Zombie": [], "Sheep": [[218.71830985915494, 151.04999999999998, 29.112676056338028, 45.05]], "purge": false, "written": true}, "sheep4-00022.png": {"Creeper": [], "Pig": [], "Zombie": [], "Sheep": [[239.61971830985917, 181.525, 23.140845070422536, 29.15]], "purge": false, "written": true}, "sheep4-00023.png": {"Creeper": [], "Pig": [], "Zombie": [], "Sheep": [[195.57746478873239, 139.125, 17.91549295774648, 45.05]], "purge": false, "written": true}, "sheep4-00024.png": {"Creeper": [], "Pig": [], "Zombie": [], "Sheep": [[84.35211267605634, 161.65, 24.633802816901408, 38.425]], "purge": false, "written": true}, "sheep4-00025.png": {"Creeper": [], "Pig": [], "Zombie": [], "Sheep": [[13.43661971830986, 185.5, 27.619718309859156, 43.725]], "purge": false, "written": true}, "sheep4-00026.png": {"Creeper": [], "Pig": [], "Zombie": [], "Sheep": [[153.77464788732394, 194.775, 17.91549295774648, 30.474999999999998]], "purge": false, "written": true}, "sheep4-00027.png": {"Creeper": [], "Pig": [], "Zombie": [], "Sheep": [[202.29577464788733, 176.225, 15.67605633802817, 27.825]], "purge": false, "written": true}, "sheep4-00028.png": {"Creeper": [], "Pig": [], "Zombie": [], "Sheep": [[200.80281690140845, 174.9, 11.19718309859155, 23.849999999999998]], "purge": false, "written": true}, "sheep4-00029.png": {"Creeper": [], "Pig": [], "Zombie": [], "Sheep": [[244.8450704225352, 153.7, 14.929577464788732, 31.799999999999997]], "purge": false, "written": true}, "sheep4-00030.png": {"Creeper": [], "Pig": [], "Zombie": [], "Sheep": [[229.16901408450704, 155.025, 16.422535211267604, 30.474999999999998]], "purge": false, "written": true}, "sheep4-00031.png": {"Creeper": [], "Pig": [], "Zombie": [], "Sheep": [[94.05633802816901, 172.25, 14.929577464788732, 29.15]], "purge": false, "written": true}, "sheep4-00032.png": {"Creeper": [], "Pig": [], "Zombie": [], "Sheep": [[18.661971830985916, 170.92499999999998, 29.859154929577464, 38.425]], "purge": false, "written": true}, "sheep4-00033.png": {"Creeper": [], "Pig": [], "Zombie": [], "Sheep": [[132.8732394366197, 108.64999999999999, 20.154929577464788, 34.449999999999996]], "purge": false, "written": true}, "sheep4-00034.png": {"Creeper": [], "Pig": [], "Zombie": [], "Sheep": [[227.67605633802816, 83.475, 18.661971830985916, 47.699999999999996]], "purge": false, "written": true}, "sheep4-00035.png": {"Creeper": [], "Pig": [], "Zombie": [], "Sheep": [[215.73239436619718, 116.6, 32.84507042253521, 49.025]], "purge": false, "written": true}, "sheep4-00036.png": {"Creeper": [], "Pig": [], "Zombie": [], "Sheep": [[198.56338028169014, 157.67499999999998, 24.633802816901408, 35.775]], "purge": false, "written": true}, "sheep4-00037.png": {"Creeper": [], "Pig": [], "Zombie": [], "Sheep": [[179.1549295774648, 147.075, 17.91549295774648, 27.825]], "purge": false, "written": true}, "sheep4-00038.png": {"Creeper": [], "Pig": [], "Zombie": [], "Sheep": [[166.46478873239437, 143.1, 8.95774647887324, 21.2]], "purge": false, "written": true}, "sheep4-00039.png": {"Creeper": [], "Pig": [], "Zombie": [], "Sheep": [[167.2112676056338, 131.17499999999998, 8.211267605633802, 19.875]], "purge": false, "written": true}, "sheep4-00040.png": {"Creeper": [], "Pig": [], "Zombie": [], "Sheep": [[82.85915492957747, 188.15, 11.19718309859155, 25.175]], "purge": false, "written": true}, "sheep4-00041.png": {"Creeper": [], "Pig": [], "Zombie": [], "Sheep": [[124.66197183098592, 198.75, 8.95774647887324, 25.175]], "purge": false, "written": true}, "sheep4-00042.png": {"Creeper": [], "Pig": [], "Zombie": [], "Sheep": [[165.71830985915494, 178.875, 7.464788732394366, 26.5]], "purge": false, "written": true}, "sheep4-00043.png": {"Creeper": [], "Pig": [], "Zombie": [], "Sheep": [[187.3661971830986, 169.6, 9.704225352112676, 27.825]], "purge": false, "written": true}, "sheep4-00044.png": {"Creeper": [], "Pig": [], "Zombie": [], "Sheep": [[182.14084507042253, 184.17499999999998, 5.225352112676056, 27.825]], "purge": false, "written": true}, "sheep4-00045.png": {"Creeper": [], "Pig": [], "Zombie": [], "Sheep": [[200.05633802816902, 182.85, 14.929577464788732, 34.449999999999996]], "purge": false, "written": true}, "sheep4-00046.png": {"Creeper": [], "Pig": [], "Zombie": [], "Sheep": [[212.0, 219.95, 13.43661971830986, 42.4]], "purge": false,