{"pig2-00000.png": {"Creeper": [], "Pig": [[154.5211267605634, 153.7, 43.29577464788733, 55.65]], "Zombie": [], "Sheep": [], "purge": false, "written": true}, "pig2-00001.png": {"Creeper": [], "Pig": [[153.77464788732394, 152.375, 42.54929577464789, 55.65]], "Zombie": [], "Sheep": [], "purge": false, "written": true}, "pig2-00002.png": {"Creeper": [], "Pig": [[137.35211267605635, 189.475, 45.53521126760563, 55.65]], "Zombie": [], "Sheep": [], "purge": false, "written": true}, "pig2-00003.png": {"Creeper": [], "Pig": [[261.2676056338028, 250.42499999999998, 108.98591549295774, 125.875]], "Zombie": [], "Sheep": [], "purge": false, "written": true}, "pig2-00004.png": {"Creeper": [], "Pig": [[232.1549295774648, 160.325, 53.0, 63.599999999999994]], "Zombie": [], "Sheep": [], "purge": false, "written": true}, "pig2-00005.png": {"Creeper": [], "Pig": [[89.5774647887324, 164.29999999999998, 58.971830985915496, 115.27499999999999]], "Zombie": [], "Sheep": [], "purge": false, "written": true}, "pig2-00006.png": {"Creeper": [], "Pig": [[118.69014084507042, 190.79999999999998, 50.76056338028169, 71.55]], "Zombie": [], "Sheep": [], "purge": false, "written": true}, "pig2-00007.png": {"Creeper": [], "Pig": [[223.94366197183098, 219.95, 55.23943661971831, 95.39999999999999]], "Zombie": [], "Sheep": [], "purge": false, "written": true}, "pig2-00008.png": {"Creeper": [], "Pig": [[271.71830985915494, 265.0, 88.83098591549296, 98.05]], "Zombie": [], "Sheep": [], "purge": false, "written": true}, "pig2-00009.png": {"Creeper": [], "Pig": [], "Zombie": [], "Sheep": [], "purge": false, "written": false}, "pig2-00010.png": {"Creeper": [], "Pig": [[273.2112676056338, 194.775, 53.0, 75.52499999999999]], "Zombie": [], "Sheep": [], "purge": false, "written": true}, "pig2-00011.png": {"Creeper": [], "Pig": [[188.11267605633802, 143.1, 20.901408450704224, 31.799999999999997]], "Zombie": [], "Sheep": [], "purge": false, "written": true}, "pig2-00012.png": {"Creeper": [], "Pig": [[173.92957746478874, 133.825, 14.929577464788732, 21.2]], "Zombie": [], "Sheep": [], "purge": false, "written": true}, "pig2-00013.png": {"Creeper": [], "Pig": [], "Zombie": [], "Sheep": [], "purge": false, "written": false}, "pig2-00014.png": {"Creeper": [], "Pig": [], "Zombie": [], "Sheep": [], "purge": false, "written": true}, "pig2-00015.png": {"Creeper": [], "Pig": [[197.07042253521126, 152.375, 18.661971830985916, 27.825]], "Zombie": [], "Sheep": [], "purge": false, "written": true}, "pig2-00016.png": {"Creeper": [], "Pig": [[188.85915492957747, 132.5, 17.91549295774648, 23.849999999999998]], "Zombie": [], "Sheep": [], "purge": false, "written": true}, "pig2-00017.png": {"Creeper": [], "Pig": [[185.1267605633803, 156.35, 14.929577464788732, 22.525]], "Zombie": [], "Sheep": [], "purge": false, "written": true}, "pig2-00018.png": {"Creeper": [], "Pig": [[151.53521126760563, 148.4, 8.211267605633802, 21.2]], "Zombie": [], "Sheep": [], "purge": false, "written": true}, "pig2-00019.png": {"Creeper": [], "Pig": [[147.05633802816902, 137.79999999999998, 8.211267605633802, 15.899999999999999]], "Zombie": [], "Sheep": [], "purge": false, "written": true}, "pig2-00020.png": {"Creeper": [], "Pig": [], "Zombie": [], "Sheep": [], "purge": false, "written": false}, "pig2-00021.png": {"Creeper": [], "Pig": [[151.53521126760563, 162.975, 4.47887323943662, 10.6]], "Zombie": [], "Sheep": [], "purge": false, "written": true}, "pig2-00022.png": {"Creeper": [], "Pig": [[147.80281690140845, 152.375, 6.71830985915493, 11.924999999999999]], "Zombie": [], "Sheep": [], "purge": false, "written": true}, "pig2-00023.png": {"Creeper": [], "Pig": [], "Zombie": [], "Sheep": [], "purge": false, "written": false}, "pig2-00024.png": {"Creeper": [], "Pig": [], "Zombie": [], "Sheep": [], "purge": false, "written": false}, "pig2-00025.png": {"Creeper": [], "Pig": [], "Zombie": [], "Sheep": [], "purge": false, "written": false}, "pig2-00026.png": {"Creeper": [], "Pig": [], "Zombie": [], "Sheep": [], "purge": false, "written": false}, "pig2-00027.png": {"Creeper": [], "Pig": [[176.9154929577465, 136.475, 8.95774647887324, 9.275]], "Zombie": [], "Sheep": [], "purge": false, "written": true}, "pig2-00028.png": {"Creeper": [], "Pig": [[164.22535211267606, 156.35, 6.71830985915493, 14.575]], "Zombie": [], "Sheep": [], "purge": false, "written": true}, "pig2-00029.png": {"Creeper": [], "Pig": [[135.85915492957747, 140.45, 9.704225352112676, 21.2]], "Zombie": [], "Sheep": [], "purge": false, "written": true}, "pig2-00030.png": {"Creeper": [], "Pig": [[130.6338028169014, 123.225, 14.929577464788732, 29.15]], "Zombie": [], "Sheep": [], "purge": false, "written": true}, "pig2-00031.png": {"Creeper": [], "Pig": [[111.22535211267606, 140.45, 33.59154929577465, 59.625]], "Zombie": [], "Sheep": [], "purge": false, "written": true}, "pig2-00032.png": {"Creeper": [], "Pig": [[198.56338028169014, 221.275, 167.2112676056338, 184.17499999999998]], "Zombie": [], "Sheep": [], "purge": false, "written": true}, "pig2-00033.png": {"Creeper": [], "Pig": [[153.0281690140845, 196.1, 128.3943661971831, 143.1]], "Zombie": [], "Sheep": [], "purge": false, "written": true}, "pig2-00034.png": {"Creeper": [], "Pig": [[148.5492957746479, 160.325, 74.64788732394366, 98.05]], "Zombie": [], "Sheep": [], "purge": false, "written": true}, "pig2-00035.png": {"Creeper": [], "Pig": [[169.45070422535213, 174.9, 38.816901408450704, 49.025]], "Zombie": [], "Sheep": [], "purge": false, "written": true}, "pig2-00036.png": {"Creeper": [], "Pig": [[172.43661971830986, 182.85, 23.887323943661972, 37.1]], "Zombie": [], "Sheep": [], "purge": false, "written": true}, "pig2-00037.png": {"Creeper": [], "Pig": [[123.16901408450704, 178.875, 29.112676056338028, 34.449999999999996]], "Zombie": [], "Sheep": [], "purge": false, "written": true}, "pig2-00038.png": {"Creeper": [], "Pig": [[143.32394366197184, 186.825, 11.19718309859155, 26.5]], "Zombie": [], "Sheep": [], "purge": false, "written": true}, "pig2-00039.png": {"Creeper": [], "Pig": [[178.40845070422534, 189.475, 21.647887323943664, 26.5]], "Zombie": [], "Sheep": [], "purge": false, "written": true}, "pig2-00040.png": {"Creeper": [], "Pig": [[200.05633802816902, 192.125, 28.366197183098592, 31.799999999999997]], "Zombie": [], "Sheep": [], "purge": false, "written": true}, "pig2-00041.png": {"Creeper": [], "Pig": [[55.985915492957744, 129.85, 45.53521126760563, 42.4]], "Zombie": [], "Sheep": [], "purge": false, "written": true}, "pig2-00042.png": {"Creeper": [], "Pig": [[38.816901408450704, 58.3, 55.23943661971831, 51.675]], "Zombie": [], "Sheep": [], "purge": false, "written": true}, "pig2-00043.png": {"Creeper": [], "Pig": [[149.29577464788733, 45.05, 29.112676056338028, 37.1]], "Zombie": [], "Sheep": [], "purge": false, "written": true}, "pig2-00044.png": {"Creeper": [], "Pig": [[289.63380281690144, 25.175, 52.25352112676056, 49.025]], "Zombie": [], "Sheep": [], "purge": false, "written": true}, "pig2-00045.png": {"Creeper": [], "Pig": [[146.30985915492957, 218.625, 19.408450704225352, 25.175]], "Zombie": [], "Sheep": [], "purge": false, "written": true}, "pig2-00046.png": {"Creeper": [], "Pig": [[118.69014084507042, 160.325, 19.408450704225352, 23.849999999999998]], "Zombie": [], "Sheep": [], "purge": false, "written": true}, "pig2-00047.png": {"Creeper": [], "Pig": [[175.42253521126761, 127.19999999999999, 10.450704225352112, 29.15]], "Zombie": [], "Sheep": [], "purge": false, "written": true}, "pig2-00048.png": {"Creeper": [], "Pig": [[164.22535211267606, 131.17499999999998, 14.183098591549296, 29.15]], "Zombie": [], "Sheep": [], "purge": false, "written": true}, "pig2-00049.png": {"Creeper": [], "Pig": [[176.9154929577465, 157.67499999999998, 38.816901408450704, 55.65]], "Zombie": [], "Sheep": [], "purge": false, "written": true}, "pig2-00050.png": {"Creeper": [], "Pig": [[167.2112676056338, 136.475, 36.57746478873239, 80.825]], "Zombie": [], "Sheep": [], "purge": false, "written": true}, "pig2-00051.png": {"Creeper": [],