{"pig3-00000.png": {"Creeper": [], "Pig": [[292.61971830985914, 209.35, 37.32394366197183, 71.55]], "Zombie": [], "Sheep": [], "purge": false, "written": true}, "pig3-00001.png": {"Creeper": [], "Pig": [[294.11267605633805, 194.775, 44.7887323943662, 51.675]], "Zombie": [], "Sheep": [], "purge": false, "written": true}, "pig3-00002.png": {"Creeper": [], "Pig": [[264.2535211267606, 198.75, 31.35211267605634, 62.275]], "Zombie": [], "Sheep": [], "purge": false, "written": true}, "pig3-00003.png": {"Creeper": [], "Pig": [[220.95774647887325, 133.825, 23.140845070422536, 41.074999999999996]], "Zombie": [], "Sheep": [], "purge": false, "written": true}, "pig3-00004.png": {"Creeper": [], "Pig": [[159.0, 106.0, 23.887323943661972, 29.15]], "Zombie": [], "Sheep": [], "purge": false, "written": true}, "pig3-00005.png": {"Creeper": [], "Pig": [[138.09859154929578, 121.89999999999999, 11.943661971830986, 21.2]], "Zombie": [], "Sheep": [], "purge": false, "written": true}, "pig3-00006.png": {"Creeper": [], "Pig": [], "Zombie": [], "Sheep": [], "purge": false, "written": false}, "pig3-00007.png": {"Creeper": [], "Pig": [], "Zombie": [], "Sheep": [], "purge": false, "written": false}, "pig3-00008.png": {"Creeper": [], "Pig": [], "Zombie": [], "Sheep": [], "purge": false, "written": false}, "pig3-00009.png": {"Creeper": [], "Pig": [], "Zombie": [], "Sheep": [], "purge": false, "written": false}, "pig3-00010.png": {"Creeper": [], "Pig": [], "Zombie": [], "Sheep": [], "purge": false, "written": false}, "pig3-00011.png": {"Creeper": [], "Pig": [], "Zombie": [], "Sheep": [], "purge": false, "written": false}, "pig3-00012.png": {"Creeper": [], "Pig": [[184.38028169014083, 186.825, 49.267605633802816, 135.15]], "Zombie": [], "Sheep": [], "purge": false, "written": true}, "pig3-00013.png": {"Creeper": [], "Pig": [[159.0, 169.6, 36.57746478873239, 68.89999999999999]], "Zombie": [], "Sheep": [], "purge": false, "written": true}, "pig3-00014.png": {"Creeper": [], "Pig": [[134.3661971830986, 159.0, 12.690140845070422, 35.775]], "Zombie": [], "Sheep": [], "purge": false, "written": true}, "pig3-00015.png": {"Creeper": [], "Pig": [[17.169014084507044, 231.875, 29.112676056338028, 56.975]], "Zombie": [], "Sheep": [], "purge": false, "written": true}, "pig3-00016.png": {"Creeper": [], "Pig": [[110.47887323943662, 221.275, 18.661971830985916, 35.775]], "Zombie": [], "Sheep": [], "purge": false, "written": true}, "pig3-00017.png": {"Creeper": [], "Pig": [[191.8450704225352, 145.75, 19.408450704225352, 45.05]], "Zombie": [], "Sheep": [], "purge": false, "written": true}, "pig3-00018.png": {"Creeper": [], "Pig": [[188.11267605633802, 137.79999999999998, 14.183098591549296, 37.1]], "Zombie": [], "Sheep": [], "purge": false, "written": true}, "pig3-00019.png": {"Creeper": [], "Pig": [[285.90140845070425, 253.075, 26.87323943661972, 41.074999999999996]], "Zombie": [], "Sheep": [], "purge": false, "written": true}, "pig3-00020.png": {"Creeper": [], "Pig": [[270.9718309859155, 258.375, 27.619718309859156, 33.125]], "Zombie": [], "Sheep": [], "purge": false, "written": true}, "pig3-00021.png": {"Creeper": [], "Pig": [[194.08450704225353, 131.17499999999998, 18.661971830985916, 35.775]], "Zombie": [], "Sheep": [], "purge": false, "written": true}, "pig3-00022.png": {"Creeper": [], "Pig": [[115.70422535211267, 131.17499999999998, 47.028169014084504, 58.3]], "Zombie": [], "Sheep": [], "purge": false, "written": true}, "pig3-00023.png": {"Creeper": [], "Pig": [[159.0, 230.54999999999998, 106.0, 162.975]], "Zombie": [], "Sheep": [], "purge": false, "written": true}, "pig3-00024.png": {"Creeper": [], "Pig": [[82.11267605633803, 204.04999999999998, 163.4788732394366, 219.95]], "Zombie": [], "Sheep": [], "purge": false, "written": true}, "pig3-00025.png": {"Creeper": [], "Pig": [[99.28169014084507, 262.34999999999997, 106.74647887323944, 108.64999999999999]], "Zombie": [], "Sheep": [], "purge": false, "written": true}, "pig3-00026.png": {"Creeper": [], "Pig": [[137.35211267605635, 267.65, 100.77464788732395, 98.05]], "Zombie": [], "Sheep": [], "purge": false, "written": true}, "pig3-00027.png": {"Creeper": [], "Pig": [], "Zombie": [], "Sheep": [], "purge": false, "written": false}, "pig3-00028.png": {"Creeper": [], "Pig": [[168.70422535211267, 193.45, 34.33802816901409, 58.3]], "Zombie": [], "Sheep": [], "purge": false, "written": true}, "pig3-00029.png": {"Creeper": [], "Pig": [[156.01408450704224, 174.9, 21.647887323943664, 33.125]], "Zombie": [], "Sheep": [], "purge": false, "written": true}, "pig3-00030.png": {"Creeper": [], "Pig": [[159.74647887323943, 173.575, 14.929577464788732, 25.175]], "Zombie": [], "Sheep": [], "purge": false, "written": true}, "pig3-00031.png": {"Creeper": [], "Pig": [[198.56338028169014, 178.875, 18.661971830985916, 26.5]], "Zombie": [], "Sheep": [], "purge": false, "written": true}, "pig3-00032.png": {"Creeper": [], "Pig": [[272.46478873239437, 262.34999999999997, 26.12676056338028, 38.425]], "Zombie": [], "Sheep": [], "purge": false, "written": true}, "pig3-00033.png": {"Creeper": [], "Pig": [[156.7605633802817, 190.79999999999998, 25.380281690140844, 49.025]], "Zombie": [], "Sheep": [], "purge": false, "written": true}, "pig3-00034.png": {"Creeper": [], "Pig": [[153.0281690140845, 184.17499999999998, 59.71830985915493, 94.075]], "Zombie": [], "Sheep": [], "purge": false, "written": true}, "pig3-00035.png": {"Creeper": [], "Pig": [[96.29577464788733, 107.325, 47.774647887323944, 60.949999999999996]], "Zombie": [], "Sheep": [], "purge": false, "written": true}, "pig3-00036.png": {"Creeper": [], "Pig": [[32.098591549295776, 59.625, 64.19718309859155, 78.175]], "Zombie": [], "Sheep": [], "purge": false, "written": true}, "pig3-00037.png": {"Creeper": [], "Pig": [[131.38028169014083, 29.15, 33.59154929577465, 31.799999999999997]], "Zombie": [], "Sheep": [], "purge": false, "written": true}, "pig3-00038.png": {"Creeper": [], "Pig": [[267.98591549295776, 83.475, 47.774647887323944, 54.324999999999996]], "Zombie": [], "Sheep": [], "purge": false, "written": true}, "pig3-00039.png": {"Creeper": [], "Pig": [[200.80281690140845, 190.79999999999998, 39.563380281690144, 47.699999999999996]], "Zombie": [], "Sheep": [], "purge": false, "written": true}, "pig3-00040.png": {"Creeper": [], "Pig": [[170.94366197183098, 159.0, 20.901408450704224, 26.5]], "Zombie": [], "Sheep": [], "purge": false, "written": true}, "pig3-00041.png": {"Creeper": [], "Pig": [[165.71830985915494, 156.35, 17.169014084507044, 21.2]], "Zombie": [], "Sheep": [], "purge": false, "written": true}, "pig3-00042.png": {"Creeper": [], "Pig": [[167.95774647887325, 151.04999999999998, 20.901408450704224, 26.5]], "Zombie": [], "Sheep": [], "purge": false, "written": true}, "pig3-00043.png": {"Creeper": [], "Pig": [[163.4788732394366, 153.7, 32.84507042253521, 39.75]], "Zombie": [], "Sheep": [], "purge": false, "written": true}, "pig3-00044.png": {"Creeper": [], "Pig": [[265.0, 272.95, 76.14084507042253, 80.825]], "Zombie": [], "Sheep": [], "purge": false, "written": true}, "pig3-00045.png": {"Creeper": [], "Pig": [[197.81690140845072, 242.475, 98.53521126760563, 112.625]], "Zombie": [], "Sheep": [], "purge": false, "written": true}, "pig3-00046.png": {"Creeper": [], "Pig": [[61.2112676056338, 258.375, 122.4225352112676, 115.27499999999999]], "Zombie": [], "Sheep": [], "purge": false, "written": true}, "pig3-00047.png": {"Creeper": [], "Pig": [[218.71830985915494, 204.04999999999998, 80.61971830985915, 120.575]], "Zombie": [], "Sheep": [], "purge": false, "written": true}, "pig3-00048.png": {"Creeper": [], "Pig": [[246.33802816901408, 222.6, 64.19718309859155, 80.825]], "Zombie": [], "Sheep": [], "purge": false, "written": true}, "pig3-00049.png": {"Creeper": [], "Pig": [[283.6619718309859, 210.67499999999998, 67.92957746478874, 96.725]], "Zombie": [], "Sheep": [], "purge": false, "written": true}, "pig3-00050.png": {"Creeper": [], "Pig": [[271.71830985915494, 233.2, 92.56338028169014, 123.225]], "Zombie": [],