{"creeper3-00000.png": {"Creeper": [[131.38028169014083, 166.95, 29.859154929577464, 96.725]], "Pig": [], "Zombie": [], "Sheep": [], "purge": false, "written": true}, "creeper3-00001.png": {"Creeper": [[73.90140845070422, 174.9, 44.7887323943662, 113.95]], "Pig": [], "Zombie": [], "Sheep": [], "purge": false, "written": true}, "creeper3-00002.png": {"Creeper": [[122.4225352112676, 177.54999999999998, 41.80281690140845, 106.0]], "Pig": [], "Zombie": [], "Sheep": [], "purge": false, "written": true}, "creeper3-00003.png": {"Creeper": [[136.6056338028169, 198.75, 28.366197183098592, 115.27499999999999]], "Pig": [], "Zombie": [], "Sheep": [], "purge": false, "written": true}, "creeper3-00004.png": {"Creeper": [[253.05633802816902, 259.7, 70.91549295774648, 106.0]], "Pig": [], "Zombie": [], "Sheep": [], "purge": false, "written": true}, "creeper3-00005.png": {"Creeper": [[166.46478873239437, 143.1, 26.87323943661972, 103.35]], "Pig": [], "Zombie": [], "Sheep": [], "purge": false, "written": true}, "creeper3-00006.png": {"Creeper": [[150.04225352112675, 136.475, 17.169014084507044, 62.275]], "Pig": [], "Zombie": [], "Sheep": [], "purge": false, "written": true}, "creeper3-00007.png": {"Creeper": [[122.4225352112676, 140.45, 17.91549295774648, 50.35]], "Pig": [], "Zombie": [], "Sheep": [], "purge": false, "written": true}, "creeper3-00008.png": {"Creeper": [[153.0281690140845, 144.42499999999998, 9.704225352112676, 22.525]], "Pig": [], "Zombie": [], "Sheep": [], "purge": false, "written": true}, "creeper3-00009.png": {"Creeper": [[173.92957746478874, 148.4, 11.943661971830986, 37.1]], "Pig": [], "Zombie": [], "Sheep": [], "purge": false, "written": true}, "creeper3-00010.png": {"Creeper": [[170.94366197183098, 151.04999999999998, 14.183098591549296, 38.425]], "Pig": [], "Zombie": [], "Sheep": [], "purge": false, "written": true}, "creeper3-00011.png": {"Creeper": [], "Pig": [], "Zombie": [], "Sheep": [], "purge": false, "written": false}, "creeper3-00012.png": {"Creeper": [[61.95774647887324, 249.1, 15.67605633802817, 42.4]], "Pig": [], "Zombie": [], "Sheep": [], "purge": false, "written": true}, "creeper3-00013.png": {"Creeper": [[155.26760563380282, 109.975, 11.19718309859155, 35.775]], "Pig": [], "Zombie": [], "Sheep": [], "purge": false, "written": true}, "creeper3-00014.png": {"Creeper": [[187.3661971830986, 31.799999999999997, 12.690140845070422, 43.725]], "Pig": [], "Zombie": [], "Sheep": [], "purge": false, "written": true}, "creeper3-00015.png": {"Creeper": [[283.6619718309859, 41.074999999999996, 29.112676056338028, 59.625]], "Pig": [], "Zombie": [], "Sheep": [], "purge": false, "written": true}, "creeper3-00016.png": {"Creeper": [[281.4225352112676, 135.15, 24.633802816901408, 68.89999999999999]], "Pig": [], "Zombie": [], "Sheep": [], "purge": false, "written": true}, "creeper3-00017.png": {"Creeper": [[275.4507042253521, 259.7, 32.84507042253521, 82.14999999999999]], "Pig": [], "Zombie": [], "Sheep": [], "purge": false, "written": true}, "creeper3-00018.png": {"Creeper": [[200.80281690140845, 235.85, 42.54929577464789, 151.04999999999998]], "Pig": [], "Zombie": [], "Sheep": [], "purge": false, "written": true}, "creeper3-00019.png": {"Creeper": [[146.30985915492957, 136.475, 49.267605633802816, 168.275]], "Pig": [], "Zombie": [], "Sheep": [], "purge": false, "written": true}, "creeper3-00020.png": {"Creeper": [[150.7887323943662, 109.975, 21.647887323943664, 80.825]], "Pig": [], "Zombie": [], "Sheep": [], "purge": false, "written": true}, "creeper3-00021.png": {"Creeper": [[87.33802816901408, 100.7, 16.422535211267604, 62.275]], "Pig": [], "Zombie": [], "Sheep": [], "purge": false, "written": true}, "creeper3-00022.png": {"Creeper": [[19.408450704225352, 35.775, 35.08450704225352, 67.575]], "Pig": [], "Zombie": [], "Sheep": [], "purge": false, "written": true}, "creeper3-00023.png": {"Creeper": [[23.887323943661972, 180.2, 19.408450704225352, 50.35]], "Pig": [], "Zombie": [], "Sheep": [], "purge": false, "written": true}, "creeper3-00024.png": {"Creeper": [[61.2112676056338, 177.54999999999998, 15.67605633802817, 42.4]], "Pig": [], "Zombie": [], "Sheep": [], "purge": false, "written": true}, "creeper3-00025.png": {"Creeper": [[25.380281690140844, 250.42499999999998, 26.12676056338028, 67.575]], "Pig": [], "Zombie": [], "Sheep": [], "purge": false, "written": true}, "creeper3-00026.png": {"Creeper": [[152.28169014084506, 227.9, 17.169014084507044, 54.324999999999996]], "Pig": [], "Zombie": [], "Sheep": [], "purge": false, "written": true}, "creeper3-00027.png": {"Creeper": [[283.6619718309859, 276.925, 32.098591549295776, 67.575]], "Pig": [], "Zombie": [], "Sheep": [], "purge": false, "written": true}, "creeper3-00028.png": {"Creeper": [[299.3380281690141, 241.15, 30.6056338028169, 66.25]], "Pig": [], "Zombie": [], "Sheep": [], "purge": false, "written": true}, "creeper3-00029.png": {"Creeper": [[285.90140845070425, 79.5, 23.887323943661972, 55.65]], "Pig": [], "Zombie": [], "Sheep": [], "purge": false, "written": true}, "creeper3-00030.png": {"Creeper": [[158.25352112676057, 117.925, 11.943661971830986, 41.074999999999996]], "Pig": [], "Zombie": [], "Sheep": [], "purge": false, "written": true}, "creeper3-00031.png": {"Creeper": [[141.08450704225353, 125.875, 17.169014084507044, 47.699999999999996]], "Pig": [], "Zombie": [], "Sheep": [], "purge": false, "written": true}, "creeper3-00032.png": {"Creeper": [[144.81690140845072, 121.89999999999999, 11.19718309859155, 30.474999999999998]], "Pig": [], "Zombie": [], "Sheep": [], "purge": false, "written": true}, "creeper3-00033.png": {"Creeper": [[142.57746478873239, 121.89999999999999, 11.943661971830986, 31.799999999999997]], "Pig": [], "Zombie": [], "Sheep": [], "purge": false, "written": true}, "creeper3-00034.png": {"Creeper": [[144.81690140845072, 120.575, 12.690140845070422, 45.05]], "Pig": [], "Zombie": [], "Sheep": [], "purge": false, "written": true}, "creeper3-00035.png": {"Creeper": [[153.0281690140845, 145.75, 12.690140845070422, 49.025]], "Pig": [], "Zombie": [], "Sheep": [], "purge": false, "written": true}, "creeper3-00036.png": {"Creeper": [[146.30985915492957, 176.225, 21.647887323943664, 67.575]], "Pig": [], "Zombie": [], "Sheep": [], "purge": false, "written": true}, "creeper3-00037.png": {"Creeper": [[159.0, 165.625, 32.84507042253521, 99.375]], "Pig": [], "Zombie": [], "Sheep": [], "purge": false, "written": true}, "creeper3-00038.png": {"Creeper": [[171.69014084507043, 173.575, 41.056338028169016, 165.625]], "Pig": [], "Zombie": [], "Sheep": [], "purge": false, "written": true}, "creeper3-00039.png": {"Creeper": [[128.3943661971831, 188.15, 31.35211267605634, 99.375]], "Pig": [], "Zombie": [], "Sheep": [], "purge": false, "written": true}, "creeper3-00040.png": {"Creeper": [[156.01408450704224, 143.1, 20.901408450704224, 72.875]], "Pig": [], "Zombie": [], "Sheep": [], "purge": false, "written": true}, "creeper3-00041.png": {"Creeper": [], "Pig": [], "Zombie": [], "Sheep": [], "purge": false, "written": false}, "creeper3-00042.png": {"Creeper": [[160.49295774647888, 144.42499999999998, 13.43661971830986, 49.025]], "Pig": [], "Zombie": [], "Sheep": [], "purge": false, "written": true}, "creeper3-00043.png": {"Creeper": [[161.98591549295776, 145.75, 14.929577464788732, 49.025]], "Pig": [], "Zombie": [], "Sheep": [], "purge": false, "written": true}, "creeper3-00044.png": {"Creeper": [[141.83098591549296, 155.025, 16.422535211267604, 58.3]], "Pig": [], "Zombie": [], "Sheep": [], "purge": false, "written": true}, "creeper3-00045.png": {"Creeper": [[155.26760563380282, 133.825, 17.169014084507044, 53.0]], "Pig": [], "Zombie": [], "Sheep": [], "purge": false, "written": true}, "creeper3-00046.png": {"Creeper": [[161.2394366197183, 156.35, 12.690140845070422, 45.05]], "Pig": [], "Zombie": [], "Sheep": [], "purge": false, "written": true}, "creeper3-00047.png": {"Creeper": [[165.71830985915494, 177.54999999999998, 10.450704225352112, 30.474999999999998]], "Pig": [], "Zombie": [],