{"zombie7-00000.png": {"Creeper": [], "Pig": [], "Zombie": [[169.45070422535213, 127.19999999999999, 21.647887323943664, 66.25]], "Sheep": [], "purge": false, "written": true}, "zombie7-00001.png": {"Creeper": [], "Pig": [], "Zombie": [[170.19718309859155, 127.19999999999999, 19.408450704225352, 67.575]], "Sheep": [], "purge": false, "written": true}, "zombie7-00002.png": {"Creeper": [], "Pig": [], "Zombie": [[149.29577464788733, 162.975, 20.154929577464788, 68.89999999999999]], "Sheep": [], "purge": false, "written": true}, "zombie7-00003.png": {"Creeper": [], "Pig": [], "Zombie": [[139.59154929577466, 157.67499999999998, 26.87323943661972, 76.85]], "Sheep": [], "purge": false, "written": true}, "zombie7-00004.png": {"Creeper": [], "Pig": [], "Zombie": [[78.38028169014085, 70.225, 38.816901408450704, 100.7]], "Sheep": [], "purge": false, "written": true}, "zombie7-00005.png": {"Creeper": [], "Pig": [], "Zombie": [[131.38028169014083, 128.525, 22.3943661971831, 76.85]], "Sheep": [], "purge": false, "written": true}, "zombie7-00006.png": {"Creeper": [], "Pig": [], "Zombie": [[152.28169014084506, 172.25, 31.35211267605634, 96.725]], "Sheep": [], "purge": false, "written": true}, "zombie7-00007.png": {"Creeper": [], "Pig": [], "Zombie": [[174.67605633802816, 210.67499999999998, 27.619718309859156, 88.77499999999999]], "Sheep": [], "purge": false, "written": true}, "zombie7-00008.png": {"Creeper": [], "Pig": [], "Zombie": [[244.8450704225352, 265.0, 47.028169014084504, 96.725]], "Sheep": [], "purge": false, "written": true}, "zombie7-00009.png": {"Creeper": [], "Pig": [], "Zombie": [[272.46478873239437, 286.2, 87.33802816901408, 54.324999999999996]], "Sheep": [], "purge": false, "written": true}, "zombie7-00010.png": {"Creeper": [], "Pig": [], "Zombie": [[178.40845070422534, 162.975, 57.47887323943662, 128.525]], "Sheep": [], "purge": false, "written": true}, "zombie7-00011.png": {"Creeper": [], "Pig": [], "Zombie": [[130.6338028169014, 95.39999999999999, 68.67605633802818, 192.125]], "Sheep": [], "purge": false, "written": true}, "zombie7-00012.png": {"Creeper": [], "Pig": [], "Zombie": [[125.40845070422536, 182.85, 47.774647887323944, 107.325]], "Sheep": [], "purge": false, "written": true}, "zombie7-00013.png": {"Creeper": [], "Pig": [], "Zombie": [[164.22535211267606, 139.125, 24.633802816901408, 49.025]], "Sheep": [], "purge": false, "written": true}, "zombie7-00014.png": {"Creeper": [], "Pig": [], "Zombie": [[88.08450704225352, 159.0, 25.380281690140844, 38.425]], "Sheep": [], "purge": false, "written": true}, "zombie7-00015.png": {"Creeper": [], "Pig": [], "Zombie": [], "Sheep": [], "purge": false, "written": false}, "zombie7-00016.png": {"Creeper": [], "Pig": [], "Zombie": [[145.56338028169014, 140.45, 16.422535211267604, 38.425]], "Sheep": [], "purge": false, "written": true}, "zombie7-00017.png": {"Creeper": [], "Pig": [], "Zombie": [[127.64788732394366, 182.85, 14.929577464788732, 43.725]], "Sheep": [], "purge": false, "written": true}, "zombie7-00018.png": {"Creeper": [], "Pig": [], "Zombie": [[187.3661971830986, 107.325, 18.661971830985916, 54.324999999999996]], "Sheep": [], "purge": false, "written": true}, "zombie7-00019.png": {"Creeper": [], "Pig": [], "Zombie": [[239.61971830985917, 174.9, 23.887323943661972, 62.275]], "Sheep": [], "purge": false, "written": true}, "zombie7-00020.png": {"Creeper": [], "Pig": [], "Zombie": [[244.09859154929578, 161.65, 22.3943661971831, 54.324999999999996]], "Sheep": [], "purge": false, "written": true}, "zombie7-00021.png": {"Creeper": [], "Pig": [], "Zombie": [[238.1267605633803, 145.75, 18.661971830985916, 47.699999999999996]], "Sheep": [], "purge": false, "written": true}, "zombie7-00022.png": {"Creeper": [], "Pig": [], "Zombie": [[223.19718309859155, 139.125, 21.647887323943664, 55.65]], "Sheep": [], "purge": false, "written": true}, "zombie7-00023.png": {"Creeper": [], "Pig": [], "Zombie": [[158.25352112676057, 162.975, 25.380281690140844, 63.599999999999994]], "Sheep": [], "purge": false, "written": true}, "zombie7-00024.png": {"Creeper": [], "Pig": [], "Zombie": [[56.732394366197184, 145.75, 51.50704225352113, 102.02499999999999]], "Sheep": [], "purge": false, "written": true}, "zombie7-00025.png": {"Creeper": [], "Pig": [], "Zombie": [[127.64788732394366, 170.92499999999998, 30.6056338028169, 92.75]], "Sheep": [], "purge": false, "written": true}, "zombie7-00026.png": {"Creeper": [], "Pig": [], "Zombie": [[207.5211267605634, 139.125, 46.28169014084507, 145.75]], "Sheep": [], "purge": false, "written": true}, "zombie7-00027.png": {"Creeper": [], "Pig": [], "Zombie": [[199.30985915492957, 225.25, 30.6056338028169, 100.7]], "Sheep": [], "purge": false, "written": true}, "zombie7-00028.png": {"Creeper": [], "Pig": [], "Zombie": [[182.88732394366198, 208.025, 32.84507042253521, 90.1]], "Sheep": [], "purge": false, "written": true}, "zombie7-00029.png": {"Creeper": [], "Pig": [], "Zombie": [[210.50704225352112, 192.125, 27.619718309859156, 70.225]], "Sheep": [], "purge": false, "written": true}, "zombie7-00030.png": {"Creeper": [], "Pig": [], "Zombie": [[239.61971830985917, 258.375, 36.57746478873239, 72.875]], "Sheep": [], "purge": false, "written": true}, "zombie7-00031.png": {"Creeper": [], "Pig": [], "Zombie": [[257.53521126760563, 217.29999999999998, 44.7887323943662, 91.425]], "Sheep": [], "purge": false, "written": true}, "zombie7-00032.png": {"Creeper": [], "Pig": [], "Zombie": [[135.11267605633802, 166.95, 25.380281690140844, 62.275]], "Sheep": [], "purge": false, "written": true}, "zombie7-00033.png": {"Creeper": [], "Pig": [], "Zombie": [[57.47887323943662, 109.975, 53.0, 76.85]], "Sheep": [], "purge": false, "written": true}, "zombie7-00034.png": {"Creeper": [], "Pig": [], "Zombie": [[242.6056338028169, 133.825, 32.84507042253521, 88.77499999999999]], "Sheep": [], "purge": false, "written": true}, "zombie7-00035.png": {"Creeper": [], "Pig": [], "Zombie": [[185.1267605633803, 214.65, 31.35211267605634, 79.5]], "Sheep": [], "purge": false, "written": true}, "zombie7-00036.png": {"Creeper": [], "Pig": [], "Zombie": [[151.53521126760563, 143.1, 17.169014084507044, 49.025]], "Sheep": [], "purge": false, "written": true}, "zombie7-00037.png": {"Creeper": [], "Pig": [], "Zombie": [[144.81690140845072, 137.79999999999998, 15.67605633802817, 39.75]], "Sheep": [], "purge": false, "written": true}, "zombie7-00038.png": {"Creeper": [], "Pig": [], "Zombie": [[140.33802816901408, 144.42499999999998, 11.19718309859155, 29.15]], "Sheep": [], "purge": false, "written": true}, "zombie7-00039.png": {"Creeper": [], "Pig": [], "Zombie": [[109.73239436619718, 176.225, 11.943661971830986, 29.15]], "Sheep": [], "purge": false, "written": true}, "zombie7-00040.png": {"Creeper": [], "Pig": [], "Zombie": [[88.83098591549296, 198.75, 11.19718309859155, 29.15]], "Sheep": [], "purge": false, "written": true}, "zombie7-00041.png": {"Creeper": [], "Pig": [], "Zombie": [[139.59154929577466, 159.0, 8.211267605633802, 22.525]], "Sheep": [], "purge": false, "written": true}, "zombie7-00042.png": {"Creeper": [], "Pig": [], "Zombie": [[157.50704225352112, 144.42499999999998, 8.95774647887324, 23.849999999999998]], "Sheep": [], "purge": false, "written": true}, "zombie7-00043.png": {"Creeper": [], "Pig": [], "Zombie": [[176.9154929577465, 152.375, 11.19718309859155, 30.474999999999998]], "Sheep": [], "purge": false, "written": true}, "zombie7-00044.png": {"Creeper": [], "Pig": [], "Zombie": [[172.43661971830986, 116.6, 16.422535211267604, 45.05]], "Sheep": [], "purge": false, "written": true}, "zombie7-00045.png": {"Creeper": [], "Pig": [], "Zombie": [[157.50704225352112, 161.65, 14.929577464788732, 34.449999999999996]], "Sheep": [], "purge": false, "written": true}, "zombie7-00046.png": {"Creeper": [], "Pig": [], "Zombie": [[158.25352112676057, 169.6, 17.169014084507044, 35.775]], "Sheep": [], "purge": false, "written": true}, "zombie7-00047.png": {"Creeper": [], "Pig": [],