{"creeper10-00000.png": {"Creeper": [[150.04225352112675, 212.0, 58.225352112676056, 205.375]], "Pig": [], "Zombie": [], "Sheep": [], "purge": false, "written": true}, "creeper10-00001.png": {"Creeper": [[148.5492957746479, 212.0, 55.985915492957744, 209.35]], "Pig": [], "Zombie": [], "Sheep": [], "purge": false, "written": true}, "creeper10-00002.png": {"Creeper": [[154.5211267605634, 153.7, 26.87323943661972, 92.75]], "Pig": [], "Zombie": [], "Sheep": [], "purge": false, "written": true}, "creeper10-00003.png": {"Creeper": [[244.8450704225352, 201.4, 16.422535211267604, 66.25]], "Pig": [], "Zombie": [], "Sheep": [], "purge": false, "written": true}, "creeper10-00004.png": {"Creeper": [[247.08450704225353, 200.075, 20.154929577464788, 64.925]], "Pig": [], "Zombie": [], "Sheep": [], "purge": false, "written": true}, "creeper10-00005.png": {"Creeper": [[126.15492957746478, 200.075, 12.690140845070422, 56.975]], "Pig": [], "Zombie": [], "Sheep": [], "purge": false, "written": true}, "creeper10-00006.png": {"Creeper": [[138.09859154929578, 168.275, 15.67605633802817, 47.699999999999996]], "Pig": [], "Zombie": [], "Sheep": [], "purge": false, "written": true}, "creeper10-00007.png": {"Creeper": [[212.74647887323943, 109.975, 9.704225352112676, 70.225]], "Pig": [], "Zombie": [], "Sheep": [], "purge": false, "written": true}, "creeper10-00008.png": {"Creeper": [], "Pig": [], "Zombie": [], "Sheep": [], "purge": false, "written": false}, "creeper10-00009.png": {"Creeper": [[185.8732394366197, 56.975, 21.647887323943664, 82.14999999999999]], "Pig": [], "Zombie": [], "Sheep": [], "purge": false, "written": true}, "creeper10-00010.png": {"Creeper": [[238.8732394366197, 137.79999999999998, 47.774647887323944, 119.25]], "Pig": [], "Zombie": [], "Sheep": [], "purge": false, "written": true}, "creeper10-00011.png": {"Creeper": [[198.56338028169014, 186.825, 23.887323943661972, 83.475]], "Pig": [], "Zombie": [], "Sheep": [], "purge": false, "written": true}, "creeper10-00012.png": {"Creeper": [[97.04225352112677, 210.67499999999998, 32.098591549295776, 112.625]], "Pig": [], "Zombie": [], "Sheep": [], "purge": false, "written": true}, "creeper10-00013.png": {"Creeper": [[146.30985915492957, 189.475, 28.366197183098592, 99.375]], "Pig": [], "Zombie": [], "Sheep": [], "purge": false, "written": true}, "creeper10-00014.png": {"Creeper": [[153.0281690140845, 123.225, 22.3943661971831, 63.599999999999994]], "Pig": [], "Zombie": [], "Sheep": [], "purge": false, "written": true}, "creeper10-00015.png": {"Creeper": [[156.01408450704224, 148.4, 17.91549295774648, 46.375]], "Pig": [], "Zombie": [], "Sheep": [], "purge": false, "written": true}, "creeper10-00016.png": {"Creeper": [[155.26760563380282, 153.7, 18.661971830985916, 45.05]], "Pig": [], "Zombie": [], "Sheep": [], "purge": false, "written": true}, "creeper10-00017.png": {"Creeper": [[159.0, 151.04999999999998, 22.3943661971831, 51.675]], "Pig": [], "Zombie": [], "Sheep": [], "purge": false, "written": true}, "creeper10-00018.png": {"Creeper": [[220.2112676056338, 265.0, 39.563380281690144, 50.35]], "Pig": [], "Zombie": [], "Sheep": [], "purge": false, "written": true}, "creeper10-00019.png": {"Creeper": [[115.70422535211267, 257.05, 28.366197183098592, 55.65]], "Pig": [], "Zombie": [], "Sheep": [], "purge": false, "written": true}, "creeper10-00020.png": {"Creeper": [[178.40845070422534, 86.125, 25.380281690140844, 53.0]], "Pig": [], "Zombie": [], "Sheep": [], "purge": false, "written": true}, "creeper10-00021.png": {"Creeper": [[214.2394366197183, 124.55, 41.80281690140845, 80.825]], "Pig": [], "Zombie": [], "Sheep": [], "purge": false, "written": true}, "creeper10-00022.png": {"Creeper": [[217.22535211267606, 111.3, 19.408450704225352, 39.75]], "Pig": [], "Zombie": [], "Sheep": [], "purge": false, "written": true}, "creeper10-00023.png": {"Creeper": [[213.49295774647888, 127.19999999999999, 18.661971830985916, 30.474999999999998]], "Pig": [], "Zombie": [], "Sheep": [], "purge": false, "written": true}, "creeper10-00024.png": {"Creeper": [[300.0845070422535, 172.25, 32.098591549295776, 88.77499999999999]], "Pig": [], "Zombie": [], "Sheep": [], "purge": false, "written": true}, "creeper10-00025.png": {"Creeper": [[241.85915492957747, 233.2, 24.633802816901408, 70.225]], "Pig": [], "Zombie": [], "Sheep": [], "purge": false, "written": true}, "creeper10-00026.png": {"Creeper": [[191.8450704225352, 165.625, 19.408450704225352, 58.3]], "Pig": [], "Zombie": [], "Sheep": [], "purge": false, "written": true}, "creeper10-00027.png": {"Creeper": [[256.0422535211268, 189.475, 47.028169014084504, 100.7]], "Pig": [], "Zombie": [], "Sheep": [], "purge": false, "written": true}, "creeper10-00028.png": {"Creeper": [[220.2112676056338, 137.79999999999998, 22.3943661971831, 71.55]], "Pig": [], "Zombie": [], "Sheep": [], "purge": false, "written": true}, "creeper10-00029.png": {"Creeper": [[228.42253521126761, 188.15, 20.154929577464788, 50.35]], "Pig": [], "Zombie": [], "Sheep": [], "purge": false, "written": true}, "creeper10-00030.png": {"Creeper": [], "Pig": [], "Zombie": [], "Sheep": [], "purge": [], "written": []}, "creeper10-00031.png": {"Creeper": [], "Pig": [], "Zombie": [], "Sheep": [], "purge": [], "written": []}, "creeper10-00032.png": {"Creeper": [], "Pig": [], "Zombie": [], "Sheep": [], "purge": [], "written": []}, "creeper10-00033.png": {"Creeper": [], "Pig": [], "Zombie": [], "Sheep": [], "purge": false, "written": false}, "creeper10-00034.png": {"Creeper": [], "Pig": [], "Zombie": [], "Sheep": [], "purge": false, "written": false}, "creeper10-00035.png": {"Creeper": [[169.45070422535213, 172.25, 24.633802816901408, 76.85]], "Pig": [], "Zombie": [], "Sheep": [], "purge": false, "written": true}, "creeper10-00036.png": {"Creeper": [[256.7887323943662, 115.27499999999999, 51.50704225352113, 75.52499999999999]], "Pig": [], "Zombie": [], "Sheep": [], "purge": false, "written": true}, "creeper10-00037.png": {"Creeper": [[257.53521126760563, 230.54999999999998, 77.63380281690141, 119.25]], "Pig": [], "Zombie": [], "Sheep": [], "purge": false, "written": true}, "creeper10-00038.png": {"Creeper": [[74.64788732394366, 153.7, 76.88732394366197, 229.225]], "Pig": [], "Zombie": [], "Sheep": [], "purge": false, "written": true}, "creeper10-00039.png": {"Creeper": [[156.7605633802817, 149.725, 35.08450704225352, 100.7]], "Pig": [], "Zombie": [], "Sheep": [], "purge": false, "written": true}, "creeper10-00040.png": {"Creeper": [[182.14084507042253, 186.825, 8.95774647887324, 47.699999999999996]], "Pig": [], "Zombie": [], "Sheep": [], "purge": false, "written": true}, "creeper10-00041.png": {"Creeper": [], "Pig": [], "Zombie": [], "Sheep": [], "purge": false, "written": false}, "creeper10-00042.png": {"Creeper": [], "Pig": [], "Zombie": [], "Sheep": [], "purge": false, "written": false}, "creeper10-00043.png": {"Creeper": [[223.19718309859155, 190.79999999999998, 31.35211267605634, 59.625]], "Pig": [], "Zombie": [], "Sheep": [], "purge": false, "written": true}, "creeper10-00044.png": {"Creeper": [[145.56338028169014, 210.67499999999998, 25.380281690140844, 84.8]], "Pig": [], "Zombie": [], "Sheep": [], "purge": false, "written": true}, "creeper10-00045.png": {"Creeper": [[141.83098591549296, 170.92499999999998, 26.87323943661972, 113.95]], "Pig": [], "Zombie": [], "Sheep": [], "purge": false, "written": true}, "creeper10-00046.png": {"Creeper": [[130.6338028169014, 168.275, 13.43661971830986, 63.599999999999994]], "Pig": [], "Zombie": [], "Sheep": [], "purge": false, "written": true}, "creeper10-00047.png": {"Creeper": [[170.94366197183098, 147.075, 10.450704225352112, 42.4]], "Pig": [], "Zombie": [], "Sheep": [], "purge": false, "written": true}, "creeper10-00048.png": {"Creeper": [[209.7605633802817, 133.825, 13.43661971830986, 42.4]], "Pig": [], "Zombie": [], "Sheep": [], "purge": false, "written": true}, "creeper10-00049.png": {"Creeper": [[79.12676056338029, 145.75, 12.690140845070422, 43.725]], "Pig": [], "Zombie": [],