{"zombie3-00000.png": {"Creeper": [], "Pig": [], "Zombie": [[127.64788732394366, 157.67499999999998, 25.380281690140844, 116.6]], "Sheep": [], "purge": false, "written": true}, "zombie3-00001.png": {"Creeper": [], "Pig": [], "Zombie": [[130.6338028169014, 157.67499999999998, 35.83098591549296, 116.6]], "Sheep": [], "purge": false, "written": true}, "zombie3-00002.png": {"Creeper": [], "Pig": [], "Zombie": [[126.15492957746478, 159.0, 35.83098591549296, 116.6]], "Sheep": [], "purge": false, "written": true}, "zombie3-00003.png": {"Creeper": [], "Pig": [], "Zombie": [[201.5492957746479, 181.525, 23.887323943661972, 68.89999999999999]], "Sheep": [], "purge": false, "written": true}, "zombie3-00004.png": {"Creeper": [], "Pig": [], "Zombie": [[226.1830985915493, 181.525, 23.887323943661972, 62.275]], "Sheep": [], "purge": false, "written": true}, "zombie3-00005.png": {"Creeper": [], "Pig": [], "Zombie": [[238.8732394366197, 182.85, 20.154929577464788, 56.975]], "Sheep": [], "purge": false, "written": true}, "zombie3-00006.png": {"Creeper": [], "Pig": [], "Zombie": [[196.32394366197184, 188.15, 21.647887323943664, 63.599999999999994]], "Sheep": [], "purge": false, "written": true}, "zombie3-00007.png": {"Creeper": [], "Pig": [], "Zombie": [[109.73239436619718, 178.875, 21.647887323943664, 62.275]], "Sheep": [], "purge": false, "written": true}, "zombie3-00008.png": {"Creeper": [], "Pig": [], "Zombie": [[70.91549295774648, 201.4, 53.74647887323944, 132.5]], "Sheep": [], "purge": false, "written": true}, "zombie3-00009.png": {"Creeper": [], "Pig": [], "Zombie": [[207.5211267605634, 100.7, 32.84507042253521, 100.7]], "Sheep": [], "purge": false, "written": true}, "zombie3-00010.png": {"Creeper": [], "Pig": [], "Zombie": [[262.76056338028167, 100.7, 30.6056338028169, 74.2]], "Sheep": [], "purge": false, "written": true}, "zombie3-00011.png": {"Creeper": [], "Pig": [], "Zombie": [[165.71830985915494, 109.975, 16.422535211267604, 47.699999999999996]], "Sheep": [], "purge": false, "written": true}, "zombie3-00012.png": {"Creeper": [], "Pig": [], "Zombie": [[144.81690140845072, 140.45, 15.67605633802817, 53.0]], "Sheep": [], "purge": false, "written": true}, "zombie3-00013.png": {"Creeper": [], "Pig": [], "Zombie": [[168.70422535211267, 102.02499999999999, 23.887323943661972, 78.175]], "Sheep": [], "purge": false, "written": true}, "zombie3-00014.png": {"Creeper": [], "Pig": [], "Zombie": [[221.70422535211267, 119.25, 45.53521126760563, 117.925]], "Sheep": [], "purge": false, "written": true}, "zombie3-00015.png": {"Creeper": [], "Pig": [], "Zombie": [[160.49295774647888, 176.225, 32.098591549295776, 112.625]], "Sheep": [], "purge": false, "written": true}, "zombie3-00016.png": {"Creeper": [], "Pig": [], "Zombie": [[129.88732394366198, 172.25, 45.53521126760563, 151.04999999999998]], "Sheep": [], "purge": false, "written": true}, "zombie3-00017.png": {"Creeper": [], "Pig": [], "Zombie": [[214.98591549295776, 125.875, 40.309859154929576, 139.125]], "Sheep": [], "purge": false, "written": true}, "zombie3-00018.png": {"Creeper": [], "Pig": [], "Zombie": [[240.3661971830986, 115.27499999999999, 33.59154929577465, 100.7]], "Sheep": [], "purge": false, "written": true}, "zombie3-00019.png": {"Creeper": [], "Pig": [], "Zombie": [[205.28169014084506, 123.225, 15.67605633802817, 35.775]], "Sheep": [], "purge": false, "written": true}, "zombie3-00020.png": {"Creeper": [], "Pig": [], "Zombie": [], "Sheep": [], "purge": [], "written": []}, "zombie3-00021.png": {"Creeper": [], "Pig": [], "Zombie": [], "Sheep": [], "purge": [], "written": []}, "zombie3-00022.png": {"Creeper": [], "Pig": [], "Zombie": [[78.38028169014085, 194.775, 73.90140845070422, 133.825]], "Sheep": [], "purge": false, "written": true}, "zombie3-00023.png": {"Creeper": [], "Pig": [], "Zombie": [[85.84507042253522, 159.0, 93.30985915492958, 245.125]], "Sheep": [], "purge": false, "written": true}, "zombie3-00024.png": {"Creeper": [], "Pig": [], "Zombie": [[194.08450704225353, 132.5, 25.380281690140844, 94.075]], "Sheep": [], "purge": false, "written": true}, "zombie3-00025.png": {"Creeper": [], "Pig": [], "Zombie": [[205.28169014084506, 152.375, 17.169014084507044, 62.275]], "Sheep": [], "purge": false, "written": true}, "zombie3-00026.png": {"Creeper": [], "Pig": [], "Zombie": [[226.1830985915493, 128.525, 15.67605633802817, 47.699999999999996]], "Sheep": [], "purge": false, "written": true}, "zombie3-00027.png": {"Creeper": [], "Pig": [], "Zombie": [[207.5211267605634, 168.275, 17.169014084507044, 59.625]], "Sheep": [], "purge": false, "written": true}, "zombie3-00028.png": {"Creeper": [], "Pig": [], "Zombie": [[170.19718309859155, 128.525, 19.408450704225352, 74.2]], "Sheep": [], "purge": false, "written": true}, "zombie3-00029.png": {"Creeper": [], "Pig": [], "Zombie": [[156.7605633802817, 145.75, 31.35211267605634, 109.975]], "Sheep": [], "purge": false, "written": true}, "zombie3-00030.png": {"Creeper": [], "Pig": [], "Zombie": [[112.71830985915493, 192.125, 121.67605633802818, 243.79999999999998]], "Sheep": [], "purge": false, "written": true}, "zombie3-00031.png": {"Creeper": [], "Pig": [], "Zombie": [[182.14084507042253, 156.35, 267.23943661971833, 314.025]], "Sheep": [], "purge": false, "written": true}, "zombie3-00032.png": {"Creeper": [], "Pig": [], "Zombie": [[222.45070422535213, 182.85, 108.98591549295774, 262.34999999999997]], "Sheep": [], "purge": false, "written": true}, "zombie3-00033.png": {"Creeper": [], "Pig": [], "Zombie": [[71.66197183098592, 155.025, 67.1830985915493, 197.42499999999998]], "Sheep": [], "purge": false, "written": true}, "zombie3-00034.png": {"Creeper": [], "Pig": [], "Zombie": [[85.84507042253522, 99.375, 32.098591549295776, 86.125]], "Sheep": [], "purge": false, "written": true}, "zombie3-00035.png": {"Creeper": [], "Pig": [], "Zombie": [[56.732394366197184, 82.14999999999999, 40.309859154929576, 91.425]], "Sheep": [], "purge": false, "written": true}, "zombie3-00036.png": {"Creeper": [], "Pig": [], "Zombie": [[37.32394366197183, 119.25, 53.74647887323944, 116.6]], "Sheep": [], "purge": false, "written": true}, "zombie3-00037.png": {"Creeper": [], "Pig": [], "Zombie": [[154.5211267605634, 162.975, 38.816901408450704, 115.27499999999999]], "Sheep": [], "purge": false, "written": true}, "zombie3-00038.png": {"Creeper": [], "Pig": [], "Zombie": [[174.67605633802816, 192.125, 41.80281690140845, 131.17499999999998]], "Sheep": [], "purge": false, "written": true}, "zombie3-00039.png": {"Creeper": [], "Pig": [], "Zombie": [[188.11267605633802, 136.475, 18.661971830985916, 68.89999999999999]], "Sheep": [], "purge": false, "written": true}, "zombie3-00040.png": {"Creeper": [], "Pig": [], "Zombie": [[173.92957746478874, 149.725, 14.183098591549296, 45.05]], "Sheep": [], "purge": false, "written": true}, "zombie3-00041.png": {"Creeper": [], "Pig": [], "Zombie": [[164.22535211267606, 141.775, 14.183098591549296, 34.449999999999996]], "Sheep": [], "purge": false, "written": true}, "zombie3-00042.png": {"Creeper": [], "Pig": [], "Zombie": [[210.50704225352112, 125.875, 14.183098591549296, 49.025]], "Sheep": [], "purge": false, "written": true}, "zombie3-00043.png": {"Creeper": [], "Pig": [], "Zombie": [[82.85915492957747, 135.15, 12.690140845070422, 58.3]], "Sheep": [], "purge": false, "written": true}, "zombie3-00044.png": {"Creeper": [], "Pig": [], "Zombie": [], "Sheep": [], "purge": false, "written": false}, "zombie3-00045.png": {"Creeper": [], "Pig": [], "Zombie": [], "Sheep": [], "purge": [], "written": []}, "zombie3-00046.png": {"Creeper": [], "Pig": [], "Zombie": [], "Sheep": [], "purge": false, "written": false}, "zombie3-00047.png": {"Creeper": [], "Pig": [], "Zombie": [], "Sheep": [], "purge": false, "written": false}, "zombie3-00048.png": {"Creeper": [], "Pig": [], "Zombie": [[140.33802816901408, 152.375, 26.87323943661972, 95.39999999999999]], "Sheep": [], "purge": false, "written": true}, "zombie3-00049.png": {"Creeper": [], "Pig": [],