{"sheep3-00000.png": {"Creeper": [], "Pig": [], "Zombie": [], "Sheep": [[161.98591549295776, 204.04999999999998, 38.070422535211264, 131.17499999999998]], "purge": false, "written": true}, "sheep3-00001.png": {"Creeper": [], "Pig": [], "Zombie": [], "Sheep": [[162.73239436619718, 206.7, 36.57746478873239, 132.5]], "purge": false, "written": true}, "sheep3-00002.png": {"Creeper": [], "Pig": [], "Zombie": [], "Sheep": [[259.77464788732397, 231.875, 113.46478873239437, 162.975]], "purge": false, "written": true}, "sheep3-00003.png": {"Creeper": [], "Pig": [], "Zombie": [], "Sheep": [[150.7887323943662, 136.475, 31.35211267605634, 72.875]], "purge": false, "written": true}, "sheep3-00004.png": {"Creeper": [], "Pig": [], "Zombie": [], "Sheep": [[45.53521126760563, 66.25, 48.521126760563384, 79.5]], "purge": false, "written": true}, "sheep3-00005.png": {"Creeper": [], "Pig": [], "Zombie": [], "Sheep": [[131.38028169014083, 99.375, 20.154929577464788, 78.175]], "purge": false, "written": true}, "sheep3-00006.png": {"Creeper": [], "Pig": [], "Zombie": [], "Sheep": [[220.95774647887325, 72.875, 36.57746478873239, 55.65]], "purge": false, "written": true}, "sheep3-00007.png": {"Creeper": [], "Pig": [], "Zombie": [], "Sheep": [[177.66197183098592, 121.89999999999999, 38.816901408450704, 95.39999999999999]], "purge": false, "written": true}, "sheep3-00008.png": {"Creeper": [], "Pig": [], "Zombie": [], "Sheep": [[125.40845070422536, 188.15, 37.32394366197183, 76.85]], "purge": false, "written": true}, "sheep3-00009.png": {"Creeper": [], "Pig": [], "Zombie": [], "Sheep": [[75.3943661971831, 196.1, 52.25352112676056, 91.425]], "purge": false, "written": true}, "sheep3-00010.png": {"Creeper": [], "Pig": [], "Zombie": [], "Sheep": [[103.01408450704226, 184.17499999999998, 34.33802816901409, 62.275]], "purge": false, "written": true}, "sheep3-00011.png": {"Creeper": [], "Pig": [], "Zombie": [], "Sheep": [[237.38028169014083, 104.675, 44.04225352112676, 54.324999999999996]], "purge": false, "written": true}, "sheep3-00012.png": {"Creeper": [], "Pig": [], "Zombie": [], "Sheep": [[260.5211267605634, 59.625, 54.49295774647887, 62.275]], "purge": false, "written": true}, "sheep3-00013.png": {"Creeper": [], "Pig": [], "Zombie": [], "Sheep": [[61.2112676056338, 140.45, 34.33802816901409, 43.725]], "purge": false, "written": true}, "sheep3-00014.png": {"Creeper": [], "Pig": [], "Zombie": [], "Sheep": [[53.74647887323944, 218.625, 53.0, 45.05]], "purge": false, "written": true}, "sheep3-00015.png": {"Creeper": [], "Pig": [], "Zombie": [], "Sheep": [[151.53521126760563, 169.6, 24.633802816901408, 53.0]], "purge": false, "written": true}, "sheep3-00016.png": {"Creeper": [], "Pig": [], "Zombie": [], "Sheep": [[212.74647887323943, 186.825, 38.816901408450704, 51.675]], "purge": false, "written": true}, "sheep3-00017.png": {"Creeper": [], "Pig": [], "Zombie": [], "Sheep": [[175.42253521126761, 182.85, 17.91549295774648, 30.474999999999998]], "purge": false, "written": true}, "sheep3-00018.png": {"Creeper": [], "Pig": [], "Zombie": [], "Sheep": [[170.19718309859155, 162.975, 20.901408450704224, 31.799999999999997]], "purge": false, "written": true}, "sheep3-00019.png": {"Creeper": [], "Pig": [], "Zombie": [], "Sheep": [[203.7887323943662, 160.325, 15.67605633802817, 30.474999999999998]], "purge": false, "written": true}, "sheep3-00020.png": {"Creeper": [], "Pig": [], "Zombie": [], "Sheep": [], "purge": [], "written": []}, "sheep3-00021.png": {"Creeper": [], "Pig": [], "Zombie": [], "Sheep": [[212.0, 152.375, 25.380281690140844, 55.65]], "purge": false, "written": true}, "sheep3-00022.png": {"Creeper": [], "Pig": [], "Zombie": [], "Sheep": [[193.33802816901408, 157.67499999999998, 37.32394366197183, 83.475]], "purge": false, "written": true}, "sheep3-00023.png": {"Creeper": [], "Pig": [], "Zombie": [], "Sheep": [[151.53521126760563, 161.65, 60.46478873239437, 162.975]], "purge": false, "written": true}, "sheep3-00024.png": {"Creeper": [], "Pig": [], "Zombie": [], "Sheep": [[177.66197183098592, 200.075, 128.3943661971831, 200.075]], "purge": false, "written": true}, "sheep3-00025.png": {"Creeper": [], "Pig": [], "Zombie": [], "Sheep": [[175.42253521126761, 226.575, 64.19718309859155, 170.92499999999998]], "purge": false, "written": true}, "sheep3-00026.png": {"Creeper": [], "Pig": [], "Zombie": [], "Sheep": [[161.98591549295776, 225.25, 67.92957746478874, 162.975]], "purge": false, "written": true}, "sheep3-00027.png": {"Creeper": [], "Pig": [], "Zombie": [], "Sheep": [[153.0281690140845, 140.45, 97.04225352112677, 196.1]], "purge": false, "written": true}, "sheep3-00028.png": {"Creeper": [], "Pig": [], "Zombie": [], "Sheep": [[151.53521126760563, 181.525, 82.85915492957747, 149.725]], "purge": false, "written": true}, "sheep3-00029.png": {"Creeper": [], "Pig": [], "Zombie": [], "Sheep": [[147.80281690140845, 185.5, 88.83098591549296, 153.7]], "purge": false, "written": true}, "sheep3-00030.png": {"Creeper": [], "Pig": [], "Zombie": [], "Sheep": [[184.38028169014083, 180.2, 92.56338028169014, 141.775]], "purge": false, "written": true}, "sheep3-00031.png": {"Creeper": [], "Pig": [], "Zombie": [], "Sheep": [[177.66197183098592, 204.04999999999998, 46.28169014084507, 87.45]], "purge": false, "written": true}, "sheep3-00032.png": {"Creeper": [], "Pig": [], "Zombie": [], "Sheep": [], "purge": [], "written": []}, "sheep3-00033.png": {"Creeper": [], "Pig": [], "Zombie": [], "Sheep": [[186.61971830985917, 201.4, 29.859154929577464, 60.949999999999996]], "purge": false, "written": true}, "sheep3-00034.png": {"Creeper": [], "Pig": [], "Zombie": [], "Sheep": [[235.88732394366198, 170.92499999999998, 18.661971830985916, 58.3]], "purge": false, "written": true}, "sheep3-00035.png": {"Creeper": [], "Pig": [], "Zombie": [], "Sheep": [[270.22535211267603, 182.85, 55.985915492957744, 109.975]], "purge": false, "written": true}, "sheep3-00036.png": {"Creeper": [], "Pig": [], "Zombie": [], "Sheep": [[220.2112676056338, 159.0, 41.056338028169016, 84.8]], "purge": false, "written": true}, "sheep3-00037.png": {"Creeper": [], "Pig": [], "Zombie": [], "Sheep": [[139.59154929577466, 125.875, 23.887323943661972, 29.15]], "purge": false, "written": true}, "sheep3-00038.png": {"Creeper": [], "Pig": [], "Zombie": [], "Sheep": [[137.35211267605635, 135.15, 18.661971830985916, 22.525]], "purge": false, "written": true}, "sheep3-00039.png": {"Creeper": [], "Pig": [], "Zombie": [], "Sheep": [[156.7605633802817, 143.1, 44.7887323943662, 70.225]], "purge": false, "written": true}, "sheep3-00040.png": {"Creeper": [], "Pig": [], "Zombie": [], "Sheep": [[263.50704225352115, 230.54999999999998, 108.2394366197183, 172.25]], "purge": false, "written": true}, "sheep3-00041.png": {"Creeper": [], "Pig": [], "Zombie": [], "Sheep": [[209.7605633802817, 132.5, 19.408450704225352, 62.275]], "purge": false, "written": true}, "sheep3-00042.png": {"Creeper": [], "Pig": [], "Zombie": [], "Sheep": [[196.32394366197184, 139.125, 11.943661971830986, 46.375]], "purge": false, "written": true}, "sheep3-00043.png": {"Creeper": [], "Pig": [], "Zombie": [], "Sheep": [[244.09859154929578, 155.025, 20.154929577464788, 49.025]], "purge": false, "written": true}, "sheep3-00044.png": {"Creeper": [], "Pig": [], "Zombie": [], "Sheep": [[273.9577464788732, 229.225, 20.901408450704224, 58.3]], "purge": false, "written": true}, "sheep3-00045.png": {"Creeper": [], "Pig": [], "Zombie": [], "Sheep": [[257.53521126760563, 136.475, 21.647887323943664, 51.675]], "purge": false, "written": true}, "sheep3-00046.png": {"Creeper": [], "Pig": [], "Zombie": [], "Sheep": [[164.22535211267606, 63.599999999999994, 11.19718309859155, 46.375]], "purge": false, "written": true}, "sheep3-00047.png": {"Creeper": [], "Pig": [], "Zombie": [], "Sheep": [[15.67605633802817, 139.125, 31.35211267605634, 56.975]], "purge": false, "written": true}, "sheep3-00048.png": {"Creeper": [], "Pig": [], "Zombie": [],