{"pig9-00000.png": {"Creeper": [], "Pig": [[141.08450704225353, 151.04999999999998, 67.1830985915493, 98.05]], "Zombie": [], "Sheep": [], "purge": false, "written": true}, "pig9-00001.png": {"Creeper": [], "Pig": [[194.08450704225353, 117.925, 43.29577464788733, 68.89999999999999]], "Zombie": [], "Sheep": [], "purge": false, "written": true}, "pig9-00002.png": {"Creeper": [], "Pig": [[163.4788732394366, 180.2, 20.154929577464788, 39.75]], "Zombie": [], "Sheep": [], "purge": false, "written": true}, "pig9-00003.png": {"Creeper": [], "Pig": [[192.59154929577466, 180.2, 20.901408450704224, 33.125]], "Zombie": [], "Sheep": [], "purge": false, "written": true}, "pig9-00004.png": {"Creeper": [], "Pig": [[191.09859154929578, 212.0, 29.859154929577464, 51.675]], "Zombie": [], "Sheep": [], "purge": false, "written": true}, "pig9-00005.png": {"Creeper": [], "Pig": [[156.7605633802817, 205.375, 26.12676056338028, 63.599999999999994]], "Zombie": [], "Sheep": [], "purge": false, "written": true}, "pig9-00006.png": {"Creeper": [], "Pig": [[166.46478873239437, 188.15, 21.647887323943664, 62.275]], "Zombie": [], "Sheep": [], "purge": false, "written": true}, "pig9-00007.png": {"Creeper": [], "Pig": [[144.07042253521126, 149.725, 35.83098591549296, 47.699999999999996]], "Zombie": [], "Sheep": [], "purge": false, "written": true}, "pig9-00008.png": {"Creeper": [], "Pig": [[168.70422535211267, 156.35, 44.7887323943662, 59.625]], "Zombie": [], "Sheep": [], "purge": false, "written": true}, "pig9-00009.png": {"Creeper": [], "Pig": [[224.69014084507043, 198.75, 50.014084507042256, 103.35]], "Zombie": [], "Sheep": [], "purge": false, "written": true}, "pig9-00010.png": {"Creeper": [], "Pig": [[277.6901408450704, 209.35, 79.12676056338029, 87.45]], "Zombie": [], "Sheep": [], "purge": false, "written": true}, "pig9-00011.png": {"Creeper": [], "Pig": [[165.71830985915494, 197.42499999999998, 35.83098591549296, 53.0]], "Zombie": [], "Sheep": [], "purge": false, "written": true}, "pig9-00012.png": {"Creeper": [], "Pig": [[138.8450704225352, 201.4, 14.183098591549296, 31.799999999999997]], "Zombie": [], "Sheep": [], "purge": false, "written": true}, "pig9-00013.png": {"Creeper": [], "Pig": [[144.07042253521126, 165.625, 13.43661971830986, 25.175]], "Zombie": [], "Sheep": [], "purge": false, "written": true}, "pig9-00014.png": {"Creeper": [], "Pig": [[153.77464788732394, 151.04999999999998, 15.67605633802817, 22.525]], "Zombie": [], "Sheep": [], "purge": false, "written": true}, "pig9-00015.png": {"Creeper": [], "Pig": [], "Zombie": [], "Sheep": [], "purge": false, "written": false}, "pig9-00016.png": {"Creeper": [], "Pig": [[107.49295774647888, 159.0, 9.704225352112676, 26.5]], "Zombie": [], "Sheep": [], "purge": false, "written": true}, "pig9-00017.png": {"Creeper": [], "Pig": [[155.26760563380282, 153.7, 11.19718309859155, 25.175]], "Zombie": [], "Sheep": [], "purge": false, "written": true}, "pig9-00018.png": {"Creeper": [], "Pig": [[200.05633802816902, 164.29999999999998, 29.859154929577464, 30.474999999999998]], "Zombie": [], "Sheep": [], "purge": false, "written": true}, "pig9-00019.png": {"Creeper": [], "Pig": [[230.66197183098592, 212.0, 43.29577464788733, 63.599999999999994]], "Zombie": [], "Sheep": [], "purge": false, "written": true}, "pig9-00020.png": {"Creeper": [], "Pig": [[229.9154929577465, 238.5, 133.61971830985917, 152.375]], "Zombie": [], "Sheep": [], "purge": false, "written": true}, "pig9-00021.png": {"Creeper": [], "Pig": [[260.5211267605634, 234.525, 112.71830985915493, 164.29999999999998]], "Zombie": [], "Sheep": [], "purge": false, "written": true}, "pig9-00022.png": {"Creeper": [], "Pig": [[286.6478873239437, 213.325, 60.46478873239437, 72.875]], "Zombie": [], "Sheep": [], "purge": false, "written": true}, "pig9-00023.png": {"Creeper": [], "Pig": [[119.43661971830986, 181.525, 26.87323943661972, 33.125]], "Zombie": [], "Sheep": [], "purge": false, "written": true}, "pig9-00024.png": {"Creeper": [], "Pig": [[229.9154929577465, 278.25, 64.19718309859155, 75.52499999999999]], "Zombie": [], "Sheep": [], "purge": false, "written": true}, "pig9-00025.png": {"Creeper": [], "Pig": [[170.94366197183098, 215.975, 48.521126760563384, 64.925]], "Zombie": [], "Sheep": [], "purge": false, "written": true}, "pig9-00026.png": {"Creeper": [], "Pig": [[218.71830985915494, 231.875, 46.28169014084507, 71.55]], "Zombie": [], "Sheep": [], "purge": false, "written": true}, "pig9-00027.png": {"Creeper": [], "Pig": [[138.09859154929578, 257.05, 23.140845070422536, 56.975]], "Zombie": [], "Sheep": [], "purge": false, "written": true}, "pig9-00028.png": {"Creeper": [], "Pig": [[40.309859154929576, 239.825, 38.070422535211264, 63.599999999999994]], "Zombie": [], "Sheep": [], "purge": false, "written": true}, "pig9-00029.png": {"Creeper": [], "Pig": [[179.1549295774648, 119.25, 13.43661971830986, 31.799999999999997]], "Zombie": [], "Sheep": [], "purge": false, "written": true}, "pig9-00030.png": {"Creeper": [], "Pig": [], "Zombie": [], "Sheep": [], "purge": false, "written": false}, "pig9-00031.png": {"Creeper": [], "Pig": [], "Zombie": [], "Sheep": [], "purge": false, "written": false}, "pig9-00032.png": {"Creeper": [], "Pig": [[156.01408450704224, 162.975, 20.901408450704224, 75.52499999999999]], "Zombie": [], "Sheep": [], "purge": false, "written": true}, "pig9-00033.png": {"Creeper": [], "Pig": [[234.3943661971831, 137.79999999999998, 43.29577464788733, 68.89999999999999]], "Zombie": [], "Sheep": [], "purge": false, "written": true}, "pig9-00034.png": {"Creeper": [], "Pig": [[245.59154929577466, 80.825, 48.521126760563384, 59.625]], "Zombie": [], "Sheep": [], "purge": false, "written": true}, "pig9-00035.png": {"Creeper": [], "Pig": [], "Zombie": [], "Sheep": [], "purge": false, "written": false}, "pig9-00036.png": {"Creeper": [], "Pig": [], "Zombie": [], "Sheep": [], "purge": false, "written": false}, "pig9-00037.png": {"Creeper": [], "Pig": [[217.9718309859155, 278.25, 60.46478873239437, 78.175]], "Zombie": [], "Sheep": [], "purge": false, "written": true}, "pig9-00038.png": {"Creeper": [], "Pig": [[171.69014084507043, 194.775, 37.32394366197183, 55.65]], "Zombie": [], "Sheep": [], "purge": false, "written": true}, "pig9-00039.png": {"Creeper": [], "Pig": [[60.46478873239437, 242.475, 20.154929577464788, 18.55]], "Zombie": [], "Sheep": [], "purge": false, "written": true}, "pig9-00040.png": {"Creeper": [], "Pig": [[167.2112676056338, 87.45, 24.633802816901408, 35.775]], "Zombie": [], "Sheep": [], "purge": false, "written": true}, "pig9-00041.png": {"Creeper": [], "Pig": [[34.33802816901409, 72.875, 57.47887323943662, 82.14999999999999]], "Zombie": [], "Sheep": [], "purge": false, "written": true}, "pig9-00042.png": {"Creeper": [], "Pig": [[123.16901408450704, 30.474999999999998, 35.83098591549296, 53.0]], "Zombie": [], "Sheep": [], "purge": false, "written": true}, "pig9-00043.png": {"Creeper": [], "Pig": [[269.4788732394366, 64.925, 51.50704225352113, 54.324999999999996]], "Zombie": [], "Sheep": [], "purge": false, "written": true}, "pig9-00044.png": {"Creeper": [], "Pig": [[246.33802816901408, 197.42499999999998, 35.83098591549296, 30.474999999999998]], "Zombie": [], "Sheep": [], "purge": false, "written": true}, "pig9-00045.png": {"Creeper": [], "Pig": [[263.50704225352115, 247.775, 42.54929577464789, 43.725]], "Zombie": [], "Sheep": [], "purge": false, "written": true}, "pig9-00046.png": {"Creeper": [], "Pig": [[120.92957746478874, 214.65, 42.54929577464789, 92.75]], "Zombie": [], "Sheep": [], "purge": false, "written": true}, "pig9-00047.png": {"Creeper": [], "Pig": [[55.985915492957744, 247.775, 111.97183098591549, 137.79999999999998]], "Zombie": [], "Sheep": [], "purge": false, "written": true}, "pig9-00048.png": {"Creeper": [], "Pig": [[144.81690140845072, 165.625, 50.014084507042256, 68.89999999999999]], "Zombie": [], "Sheep": [], "purge": false, "written": true}, "pig9-00049.png": {"Creeper": [],