{"creeper2-00000.png": {"Creeper": [[165.71830985915494, 196.1, 20.901408450704224, 98.05]], "Pig": [], "Zombie": [], "Sheep": [], "purge": false, "written": true}, "creeper2-00001.png": {"Creeper": [[165.71830985915494, 197.42499999999998, 23.887323943661972, 100.7]], "Pig": [], "Zombie": [], "Sheep": [], "purge": false, "written": true}, "creeper2-00002.png": {"Creeper": [[145.56338028169014, 151.04999999999998, 18.661971830985916, 63.599999999999994]], "Pig": [], "Zombie": [], "Sheep": [], "purge": false, "written": true}, "creeper2-00003.png": {"Creeper": [[64.19718309859155, 190.79999999999998, 22.3943661971831, 64.925]], "Pig": [], "Zombie": [], "Sheep": [], "purge": false, "written": true}, "creeper2-00004.png": {"Creeper": [[149.29577464788733, 198.75, 18.661971830985916, 72.875]], "Pig": [], "Zombie": [], "Sheep": [], "purge": false, "written": true}, "creeper2-00005.png": {"Creeper": [[229.9154929577465, 200.075, 26.87323943661972, 90.1]], "Pig": [], "Zombie": [], "Sheep": [], "purge": false, "written": true}, "creeper2-00006.png": {"Creeper": [[194.83098591549296, 194.775, 17.91549295774648, 67.575]], "Pig": [], "Zombie": [], "Sheep": [], "purge": false, "written": true}, "creeper2-00007.png": {"Creeper": [[183.6338028169014, 140.45, 23.140845070422536, 83.475]], "Pig": [], "Zombie": [], "Sheep": [], "purge": false, "written": true}, "creeper2-00008.png": {"Creeper": [[69.4225352112676, 102.02499999999999, 38.070422535211264, 99.375]], "Pig": [], "Zombie": [], "Sheep": [], "purge": false, "written": true}, "creeper2-00009.png": {"Creeper": [[97.04225352112677, 108.64999999999999, 26.87323943661972, 83.475]], "Pig": [], "Zombie": [], "Sheep": [], "purge": false, "written": true}, "creeper2-00010.png": {"Creeper": [[140.33802816901408, 100.7, 19.408450704225352, 66.25]], "Pig": [], "Zombie": [], "Sheep": [], "purge": false, "written": true}, "creeper2-00011.png": {"Creeper": [[146.30985915492957, 132.5, 19.408450704225352, 59.625]], "Pig": [], "Zombie": [], "Sheep": [], "purge": false, "written": true}, "creeper2-00012.png": {"Creeper": [[153.77464788732394, 127.19999999999999, 16.422535211267604, 55.65]], "Pig": [], "Zombie": [], "Sheep": [], "purge": false, "written": true}, "creeper2-00013.png": {"Creeper": [[222.45070422535213, 140.45, 26.12676056338028, 95.39999999999999]], "Pig": [], "Zombie": [], "Sheep": [], "purge": false, "written": true}, "creeper2-00014.png": {"Creeper": [[223.19718309859155, 156.35, 31.35211267605634, 98.05]], "Pig": [], "Zombie": [], "Sheep": [], "purge": false, "written": true}, "creeper2-00015.png": {"Creeper": [[171.69014084507043, 155.025, 17.91549295774648, 64.925]], "Pig": [], "Zombie": [], "Sheep": [], "purge": false, "written": true}, "creeper2-00016.png": {"Creeper": [[108.2394366197183, 155.025, 20.901408450704224, 62.275]], "Pig": [], "Zombie": [], "Sheep": [], "purge": false, "written": true}, "creeper2-00017.png": {"Creeper": [[136.6056338028169, 139.125, 11.19718309859155, 50.35]], "Pig": [], "Zombie": [], "Sheep": [], "purge": false, "written": true}, "creeper2-00018.png": {"Creeper": [[12.690140845070422, 119.25, 23.887323943661972, 63.599999999999994]], "Pig": [], "Zombie": [], "Sheep": [], "purge": false, "written": true}, "creeper2-00019.png": {"Creeper": [], "Pig": [], "Zombie": [], "Sheep": [], "purge": false, "written": false}, "creeper2-00020.png": {"Creeper": [[178.40845070422534, 123.225, 14.183098591549296, 25.175]], "Pig": [], "Zombie": [], "Sheep": [], "purge": false, "written": true}, "creeper2-00021.png": {"Creeper": [[144.07042253521126, 147.075, 12.690140845070422, 46.375]], "Pig": [], "Zombie": [], "Sheep": [], "purge": false, "written": true}, "creeper2-00022.png": {"Creeper": [[133.61971830985917, 131.17499999999998, 14.183098591549296, 60.949999999999996]], "Pig": [], "Zombie": [], "Sheep": [], "purge": false, "written": true}, "creeper2-00023.png": {"Creeper": [[159.74647887323943, 128.525, 17.169014084507044, 70.225]], "Pig": [], "Zombie": [], "Sheep": [], "purge": false, "written": true}, "creeper2-00024.png": {"Creeper": [[212.74647887323943, 143.1, 26.87323943661972, 112.625]], "Pig": [], "Zombie": [], "Sheep": [], "purge": false, "written": true}, "creeper2-00025.png": {"Creeper": [[163.4788732394366, 157.67499999999998, 27.619718309859156, 111.3]], "Pig": [], "Zombie": [], "Sheep": [], "purge": false, "written": true}, "creeper2-00026.png": {"Creeper": [[37.32394366197183, 177.54999999999998, 73.15492957746478, 166.95]], "Pig": [], "Zombie": [], "Sheep": [], "purge": false, "written": true}, "creeper2-00027.png": {"Creeper": [[147.05633802816902, 177.54999999999998, 30.6056338028169, 128.525]], "Pig": [], "Zombie": [], "Sheep": [], "purge": false, "written": true}, "creeper2-00028.png": {"Creeper": [[198.56338028169014, 177.54999999999998, 21.647887323943664, 90.1]], "Pig": [], "Zombie": [], "Sheep": [], "purge": false, "written": true}, "creeper2-00029.png": {"Creeper": [[179.90140845070422, 139.125, 17.91549295774648, 39.75]], "Pig": [], "Zombie": [], "Sheep": [], "purge": false, "written": true}, "creeper2-00030.png": {"Creeper": [[190.35211267605635, 148.4, 22.3943661971831, 47.699999999999996]], "Pig": [], "Zombie": [], "Sheep": [], "purge": false, "written": true}, "creeper2-00031.png": {"Creeper": [[170.19718309859155, 137.79999999999998, 14.929577464788732, 23.849999999999998]], "Pig": [], "Zombie": [], "Sheep": [], "purge": false, "written": true}, "creeper2-00032.png": {"Creeper": [[177.66197183098592, 149.725, 17.91549295774648, 29.15]], "Pig": [], "Zombie": [], "Sheep": [], "purge": false, "written": true}, "creeper2-00033.png": {"Creeper": [], "Pig": [], "Zombie": [], "Sheep": [], "purge": false, "written": false}, "creeper2-00034.png": {"Creeper": [[176.9154929577465, 128.525, 18.661971830985916, 60.949999999999996]], "Pig": [], "Zombie": [], "Sheep": [], "purge": false, "written": true}, "creeper2-00035.png": {"Creeper": [[170.94366197183098, 137.79999999999998, 19.408450704225352, 56.975]], "Pig": [], "Zombie": [], "Sheep": [], "purge": false, "written": true}, "creeper2-00036.png": {"Creeper": [[167.2112676056338, 141.775, 17.91549295774648, 58.3]], "Pig": [], "Zombie": [], "Sheep": [], "purge": false, "written": true}, "creeper2-00037.png": {"Creeper": [[179.90140845070422, 145.75, 19.408450704225352, 66.25]], "Pig": [], "Zombie": [], "Sheep": [], "purge": false, "written": true}, "creeper2-00038.png": {"Creeper": [[272.46478873239437, 173.575, 26.12676056338028, 79.5]], "Pig": [], "Zombie": [], "Sheep": [], "purge": false, "written": true}, "creeper2-00039.png": {"Creeper": [[286.6478873239437, 272.95, 38.816901408450704, 74.2]], "Pig": [], "Zombie": [], "Sheep": [], "purge": false, "written": true}, "creeper2-00040.png": {"Creeper": [[285.15492957746477, 272.95, 35.83098591549296, 72.875]], "Pig": [], "Zombie": [], "Sheep": [], "purge": false, "written": true}, "creeper2-00041.png": {"Creeper": [[85.84507042253522, 239.825, 26.87323943661972, 64.925]], "Pig": [], "Zombie": [], "Sheep": [], "purge": false, "written": true}, "creeper2-00042.png": {"Creeper": [[44.7887323943662, 259.7, 35.83098591549296, 74.2]], "Pig": [], "Zombie": [], "Sheep": [], "purge": false, "written": true}, "creeper2-00043.png": {"Creeper": [[33.59154929577465, 257.05, 41.056338028169016, 79.5]], "Pig": [], "Zombie": [], "Sheep": [], "purge": false, "written": true}, "creeper2-00044.png": {"Creeper": [[161.98591549295776, 166.95, 15.67605633802817, 46.375]], "Pig": [], "Zombie": [], "Sheep": [], "purge": false, "written": true}, "creeper2-00045.png": {"Creeper": [[51.50704225352113, 55.65, 21.647887323943664, 58.3]], "Pig": [], "Zombie": [], "Sheep": [], "purge": false, "written": true}, "creeper2-00046.png": {"Creeper": [[53.74647887323944, 42.4, 22.3943661971831, 51.675]], "Pig": [], "Zombie": [], "Sheep": [], "purge": false, "written": true}, "creeper2-00047.png": {"Creeper": [[222.45070422535213, 35.775, 16.422535211267604, 47.699999999999996]], "Pig": [], "Zombie": [],