{"pig7-00000.png": {"Creeper": [], "Pig": [[197.81690140845072, 170.92499999999998, 21.647887323943664, 25.175]], "Zombie": [], "Sheep": [], "purge": false, "written": true}, "pig7-00001.png": {"Creeper": [], "Pig": [[206.77464788732394, 185.5, 8.211267605633802, 25.175]], "Zombie": [], "Sheep": [], "purge": false, "written": true}, "pig7-00002.png": {"Creeper": [], "Pig": [[207.5211267605634, 193.45, 9.704225352112676, 29.15]], "Zombie": [], "Sheep": [], "purge": false, "written": true}, "pig7-00003.png": {"Creeper": [], "Pig": [[104.50704225352112, 198.75, 11.943661971830986, 31.799999999999997]], "Zombie": [], "Sheep": [], "purge": false, "written": true}, "pig7-00004.png": {"Creeper": [], "Pig": [[39.563380281690144, 192.125, 32.84507042253521, 25.175]], "Zombie": [], "Sheep": [], "purge": false, "written": true}, "pig7-00005.png": {"Creeper": [], "Pig": [[122.4225352112676, 172.25, 17.91549295774648, 21.2]], "Zombie": [], "Sheep": [], "purge": false, "written": true}, "pig7-00006.png": {"Creeper": [], "Pig": [[200.80281690140845, 152.375, 14.183098591549296, 14.575]], "Zombie": [], "Sheep": [], "purge": false, "written": true}, "pig7-00007.png": {"Creeper": [], "Pig": [[188.11267605633802, 147.075, 9.704225352112676, 13.25]], "Zombie": [], "Sheep": [], "purge": false, "written": true}, "pig7-00008.png": {"Creeper": [], "Pig": [[182.14084507042253, 139.125, 5.225352112676056, 11.924999999999999]], "Zombie": [], "Sheep": [], "purge": false, "written": true}, "pig7-00009.png": {"Creeper": [], "Pig": [[171.69014084507043, 133.825, 4.47887323943662, 11.924999999999999]], "Zombie": [], "Sheep": [], "purge": false, "written": true}, "pig7-00010.png": {"Creeper": [], "Pig": [[158.25352112676057, 133.825, 4.47887323943662, 10.6]], "Zombie": [], "Sheep": [], "purge": false, "written": true}, "pig7-00011.png": {"Creeper": [], "Pig": [[138.8450704225352, 133.825, 5.225352112676056, 11.924999999999999]], "Zombie": [], "Sheep": [], "purge": false, "written": true}, "pig7-00012.png": {"Creeper": [], "Pig": [[74.64788732394366, 164.29999999999998, 7.464788732394366, 14.575]], "Zombie": [], "Sheep": [], "purge": false, "written": true}, "pig7-00013.png": {"Creeper": [], "Pig": [[42.54929577464789, 173.575, 10.450704225352112, 18.55]], "Zombie": [], "Sheep": [], "purge": false, "written": true}, "pig7-00014.png": {"Creeper": [], "Pig": [[70.91549295774648, 172.25, 8.95774647887324, 14.575]], "Zombie": [], "Sheep": [], "purge": false, "written": true}, "pig7-00015.png": {"Creeper": [], "Pig": [[91.8169014084507, 161.65, 6.71830985915493, 11.924999999999999]], "Zombie": [], "Sheep": [], "purge": false, "written": true}, "pig7-00016.png": {"Creeper": [], "Pig": [[40.309859154929576, 184.17499999999998, 10.450704225352112, 13.25]], "Zombie": [], "Sheep": [], "purge": false, "written": true}, "pig7-00017.png": {"Creeper": [], "Pig": [[95.54929577464789, 153.7, 5.971830985915493, 9.275]], "Zombie": [], "Sheep": [], "purge": false, "written": true}, "pig7-00018.png": {"Creeper": [], "Pig": [[230.66197183098592, 149.725, 7.464788732394366, 10.6]], "Zombie": [], "Sheep": [], "purge": false, "written": true}, "pig7-00019.png": {"Creeper": [], "Pig": [[278.4366197183099, 233.2, 8.211267605633802, 10.6]], "Zombie": [], "Sheep": [], "purge": false, "written": true}, "pig7-00020.png": {"Creeper": [], "Pig": [[286.6478873239437, 272.95, 9.704225352112676, 13.25]], "Zombie": [], "Sheep": [], "purge": false, "written": true}, "pig7-00021.png": {"Creeper": [], "Pig": [[195.57746478873239, 164.29999999999998, 7.464788732394366, 9.275]], "Zombie": [], "Sheep": [], "purge": false, "written": true}, "pig7-00022.png": {"Creeper": [], "Pig": [[118.69014084507042, 108.64999999999999, 8.211267605633802, 13.25]], "Zombie": [], "Sheep": [], "purge": false, "written": true}, "pig7-00023.png": {"Creeper": [], "Pig": [[64.94366197183099, 106.0, 9.704225352112676, 11.924999999999999]], "Zombie": [], "Sheep": [], "purge": false, "written": true}, "pig7-00024.png": {"Creeper": [], "Pig": [[62.70422535211268, 86.125, 8.95774647887324, 13.25]], "Zombie": [], "Sheep": [], "purge": false, "written": true}, "pig7-00025.png": {"Creeper": [], "Pig": [[129.14084507042253, 51.675, 5.971830985915493, 10.6]], "Zombie": [], "Sheep": [], "purge": false, "written": true}, "pig7-00026.png": {"Creeper": [], "Pig": [[214.2394366197183, 84.8, 5.971830985915493, 10.6]], "Zombie": [], "Sheep": [], "purge": false, "written": true}, "pig7-00027.png": {"Creeper": [], "Pig": [[235.88732394366198, 107.325, 5.971830985915493, 9.275]], "Zombie": [], "Sheep": [], "purge": false, "written": true}, "pig7-00028.png": {"Creeper": [], "Pig": [[225.43661971830986, 145.75, 5.971830985915493, 10.6]], "Zombie": [], "Sheep": [], "purge": false, "written": true}, "pig7-00029.png": {"Creeper": [], "Pig": [[166.46478873239437, 152.375, 4.47887323943662, 9.275]], "Zombie": [], "Sheep": [], "purge": false, "written": true}, "pig7-00030.png": {"Creeper": [], "Pig": [[143.32394366197184, 149.725, 4.47887323943662, 7.949999999999999]], "Zombie": [], "Sheep": [], "purge": false, "written": true}, "pig7-00031.png": {"Creeper": [], "Pig": [[135.11267605633802, 153.7, 5.225352112676056, 10.6]], "Zombie": [], "Sheep": [], "purge": false, "written": true}, "pig7-00032.png": {"Creeper": [], "Pig": [[147.05633802816902, 148.4, 5.971830985915493, 10.6]], "Zombie": [], "Sheep": [], "purge": false, "written": true}, "pig7-00033.png": {"Creeper": [], "Pig": [[168.70422535211267, 153.7, 4.47887323943662, 6.625]], "Zombie": [], "Sheep": [], "purge": false, "written": true}, "pig7-00034.png": {"Creeper": [], "Pig": [[157.50704225352112, 156.35, 5.971830985915493, 7.949999999999999]], "Zombie": [], "Sheep": [], "purge": false, "written": true}, "pig7-00035.png": {"Creeper": [], "Pig": [[161.98591549295776, 160.325, 5.971830985915493, 7.949999999999999]], "Zombie": [], "Sheep": [], "purge": false, "written": true}, "pig7-00036.png": {"Creeper": [], "Pig": [[159.0, 151.04999999999998, 8.211267605633802, 7.949999999999999]], "Zombie": [], "Sheep": [], "purge": false, "written": true}, "pig7-00037.png": {"Creeper": [], "Pig": [[147.80281690140845, 168.275, 11.19718309859155, 14.575]], "Zombie": [], "Sheep": [], "purge": false, "written": true}, "pig7-00038.png": {"Creeper": [], "Pig": [[128.3943661971831, 161.65, 11.943661971830986, 14.575]], "Zombie": [], "Sheep": [], "purge": false, "written": true}, "pig7-00039.png": {"Creeper": [], "Pig": [[119.43661971830986, 172.25, 8.95774647887324, 13.25]], "Zombie": [], "Sheep": [], "purge": false, "written": true}, "pig7-00040.png": {"Creeper": [], "Pig": [[129.14084507042253, 157.67499999999998, 10.450704225352112, 13.25]], "Zombie": [], "Sheep": [], "purge": false, "written": true}, "pig7-00041.png": {"Creeper": [], "Pig": [[118.69014084507042, 180.2, 12.690140845070422, 6.625]], "Zombie": [], "Sheep": [], "purge": false, "written": true}, "pig7-00042.png": {"Creeper": [], "Pig": [], "Zombie": [], "Sheep": [], "purge": false, "written": false}, "pig7-00043.png": {"Creeper": [], "Pig": [], "Zombie": [], "Sheep": [], "purge": false, "written": false}, "pig7-00044.png": {"Creeper": [], "Pig": [[117.94366197183099, 186.825, 26.87323943661972, 11.924999999999999]], "Zombie": [], "Sheep": [], "purge": false, "written": true}, "pig7-00045.png": {"Creeper": [], "Pig": [[88.83098591549296, 243.79999999999998, 67.1830985915493, 72.875]], "Zombie": [], "Sheep": [], "purge": false, "written": true}, "pig7-00046.png": {"Creeper": [], "Pig": [[161.98591549295776, 200.075, 30.6056338028169, 53.0]], "Zombie": [], "Sheep": [], "purge": false, "written": true}, "pig7-00047.png": {"Creeper": [], "Pig": [[231.40845070422534, 286.2, 28.366197183098592, 54.324999999999996]], "Zombie": [], "Sheep": [], "purge": false, "written": true}, "pig7-00048.png": {"Creeper": [], "Pig": [[227.67605633802816, 229.225, 26.12676056338028, 39.75]], "Zombie": [], "Sheep": [], "purge": false, "written": true}, "pig7-00049.png": {"Creeper": [],