{"creeper1-00000.png": {"Creeper": [[247.08450704225353, 161.65, 35.08450704225352, 98.05]], "Pig": [], "Zombie": [], "Sheep": [], "purge": false, "written": true}, "creeper1-00001.png": {"Creeper": [[196.32394366197184, 159.0, 28.366197183098592, 72.875]], "Pig": [], "Zombie": [], "Sheep": [], "purge": false, "written": true}, "creeper1-00002.png": {"Creeper": [[219.46478873239437, 162.975, 29.112676056338028, 86.125]], "Pig": [], "Zombie": [], "Sheep": [], "purge": false, "written": true}, "creeper1-00003.png": {"Creeper": [[190.35211267605635, 159.0, 16.422535211267604, 66.25]], "Pig": [], "Zombie": [], "Sheep": [], "purge": false, "written": true}, "creeper1-00004.png": {"Creeper": [[166.46478873239437, 153.7, 26.87323943661972, 94.075]], "Pig": [], "Zombie": [], "Sheep": [], "purge": false, "written": true}, "creeper1-00005.png": {"Creeper": [[87.33802816901408, 194.775, 32.098591549295776, 124.55]], "Pig": [], "Zombie": [], "Sheep": [], "purge": false, "written": true}, "creeper1-00006.png": {"Creeper": [[119.43661971830986, 173.575, 21.647887323943664, 72.875]], "Pig": [], "Zombie": [], "Sheep": [], "purge": false, "written": true}, "creeper1-00007.png": {"Creeper": [[154.5211267605634, 159.0, 16.422535211267604, 62.275]], "Pig": [], "Zombie": [], "Sheep": [], "purge": false, "written": true}, "creeper1-00008.png": {"Creeper": [[146.30985915492957, 152.375, 19.408450704225352, 72.875]], "Pig": [], "Zombie": [], "Sheep": [], "purge": false, "written": true}, "creeper1-00009.png": {"Creeper": [[162.73239436619718, 174.9, 25.380281690140844, 116.6]], "Pig": [], "Zombie": [], "Sheep": [], "purge": false, "written": true}, "creeper1-00010.png": {"Creeper": [[242.6056338028169, 95.39999999999999, 45.53521126760563, 125.875]], "Pig": [], "Zombie": [], "Sheep": [], "purge": false, "written": true}, "creeper1-00011.png": {"Creeper": [], "Pig": [], "Zombie": [], "Sheep": [], "purge": false, "written": false}, "creeper1-00012.png": {"Creeper": [], "Pig": [], "Zombie": [], "Sheep": [], "purge": false, "written": false}, "creeper1-00013.png": {"Creeper": [], "Pig": [], "Zombie": [], "Sheep": [], "purge": false, "written": false}, "creeper1-00014.png": {"Creeper": [], "Pig": [], "Zombie": [], "Sheep": [], "purge": false, "written": false}, "creeper1-00015.png": {"Creeper": [[180.64788732394365, 190.79999999999998, 31.35211267605634, 116.6]], "Pig": [], "Zombie": [], "Sheep": [], "purge": false, "written": true}, "creeper1-00016.png": {"Creeper": [[211.25352112676057, 181.525, 32.84507042253521, 111.3]], "Pig": [], "Zombie": [], "Sheep": [], "purge": false, "written": true}, "creeper1-00017.png": {"Creeper": [[176.9154929577465, 155.025, 21.647887323943664, 70.225]], "Pig": [], "Zombie": [], "Sheep": [], "purge": false, "written": true}, "creeper1-00018.png": {"Creeper": [[79.87323943661971, 184.17499999999998, 38.070422535211264, 120.575]], "Pig": [], "Zombie": [], "Sheep": [], "purge": false, "written": true}, "creeper1-00019.png": {"Creeper": [[124.66197183098592, 147.075, 20.154929577464788, 64.925]], "Pig": [], "Zombie": [], "Sheep": [], "purge": false, "written": true}, "creeper1-00020.png": {"Creeper": [[135.85915492957747, 145.75, 17.169014084507044, 56.975]], "Pig": [], "Zombie": [], "Sheep": [], "purge": false, "written": true}, "creeper1-00021.png": {"Creeper": [[139.59154929577466, 145.75, 11.19718309859155, 56.975]], "Pig": [], "Zombie": [], "Sheep": [], "purge": false, "written": true}, "creeper1-00022.png": {"Creeper": [], "Pig": [], "Zombie": [], "Sheep": [], "purge": false, "written": false}, "creeper1-00023.png": {"Creeper": [[179.90140845070422, 181.525, 18.661971830985916, 58.3]], "Pig": [], "Zombie": [], "Sheep": [], "purge": false, "written": true}, "creeper1-00024.png": {"Creeper": [[173.92957746478874, 143.1, 14.183098591549296, 55.65]], "Pig": [], "Zombie": [], "Sheep": [], "purge": false, "written": true}, "creeper1-00025.png": {"Creeper": [[170.94366197183098, 143.1, 10.450704225352112, 55.65]], "Pig": [], "Zombie": [], "Sheep": [], "purge": false, "written": true}, "creeper1-00026.png": {"Creeper": [[311.28169014084506, 190.79999999999998, 12.690140845070422, 30.474999999999998]], "Pig": [], "Zombie": [], "Sheep": [], "purge": false, "written": true}, "creeper1-00027.png": {"Creeper": [], "Pig": [], "Zombie": [], "Sheep": [], "purge": false, "written": false}, "creeper1-00028.png": {"Creeper": [[148.5492957746479, 149.725, 11.19718309859155, 46.375]], "Pig": [], "Zombie": [], "Sheep": [], "purge": false, "written": true}, "creeper1-00029.png": {"Creeper": [[153.0281690140845, 149.725, 11.19718309859155, 47.699999999999996]], "Pig": [], "Zombie": [], "Sheep": [], "purge": false, "written": true}, "creeper1-00030.png": {"Creeper": [[132.8732394366197, 155.025, 12.690140845070422, 56.975]], "Pig": [], "Zombie": [], "Sheep": [], "purge": false, "written": true}, "creeper1-00031.png": {"Creeper": [[130.6338028169014, 155.025, 16.422535211267604, 59.625]], "Pig": [], "Zombie": [], "Sheep": [], "purge": false, "written": true}, "creeper1-00032.png": {"Creeper": [], "Pig": [], "Zombie": [], "Sheep": [], "purge": false, "written": false}, "creeper1-00033.png": {"Creeper": [], "Pig": [], "Zombie": [], "Sheep": [], "purge": false, "written": false}, "creeper1-00034.png": {"Creeper": [[141.83098591549296, 129.85, 5.971830985915493, 30.474999999999998]], "Pig": [], "Zombie": [], "Sheep": [], "purge": false, "written": true}, "creeper1-00035.png": {"Creeper": [[131.38028169014083, 124.55, 8.211267605633802, 27.825]], "Pig": [], "Zombie": [], "Sheep": [], "purge": false, "written": true}, "creeper1-00036.png": {"Creeper": [[128.3943661971831, 131.17499999999998, 8.95774647887324, 29.15]], "Pig": [], "Zombie": [], "Sheep": [], "purge": false, "written": true}, "creeper1-00037.png": {"Creeper": [[104.50704225352112, 139.125, 9.704225352112676, 29.15]], "Pig": [], "Zombie": [], "Sheep": [], "purge": false, "written": true}, "creeper1-00038.png": {"Creeper": [[100.02816901408451, 149.725, 8.95774647887324, 29.15]], "Pig": [], "Zombie": [], "Sheep": [], "purge": false, "written": true}, "creeper1-00039.png": {"Creeper": [[89.5774647887324, 148.4, 11.943661971830986, 30.474999999999998]], "Pig": [], "Zombie": [], "Sheep": [], "purge": false, "written": true}, "creeper1-00040.png": {"Creeper": [[150.04225352112675, 153.7, 8.211267605633802, 25.175]], "Pig": [], "Zombie": [], "Sheep": [], "purge": false, "written": true}, "creeper1-00041.png": {"Creeper": [[200.80281690140845, 162.975, 8.95774647887324, 27.825]], "Pig": [], "Zombie": [], "Sheep": [], "purge": false, "written": true}, "creeper1-00042.png": {"Creeper": [[212.0, 176.225, 8.95774647887324, 29.15]], "Pig": [], "Zombie": [], "Sheep": [], "purge": false, "written": true}, "creeper1-00043.png": {"Creeper": [[206.0281690140845, 180.2, 6.71830985915493, 27.825]], "Pig": [], "Zombie": [], "Sheep": [], "purge": false, "written": true}, "creeper1-00044.png": {"Creeper": [[211.25352112676057, 182.85, 7.464788732394366, 31.799999999999997]], "Pig": [], "Zombie": [], "Sheep": [], "purge": false, "written": true}, "creeper1-00045.png": {"Creeper": [[219.46478873239437, 182.85, 8.95774647887324, 33.125]], "Pig": [], "Zombie": [], "Sheep": [], "purge": false, "written": true}, "creeper1-00046.png": {"Creeper": [[220.2112676056338, 186.825, 10.450704225352112, 35.775]], "Pig": [], "Zombie": [], "Sheep": [], "purge": false, "written": true}, "creeper1-00047.png": {"Creeper": [[185.1267605633803, 181.525, 10.450704225352112, 35.775]], "Pig": [], "Zombie": [], "Sheep": [], "purge": false, "written": true}, "creeper1-00048.png": {"Creeper": [[141.83098591549296, 194.775, 12.690140845070422, 39.75]], "Pig": [], "Zombie": [], "Sheep": [], "purge": false, "written": true}, "creeper1-00049.png": {"Creeper": [[154.5211267605634, 169.6, 11.943661971830986, 34.449999999999996]], "Pig": [], "Zombie": [], "Sheep": [], "purge": false, "written": true},