{"zombie6-00000.png": {"Creeper": [], "Pig": [], "Zombie": [[136.6056338028169, 156.35, 89.5774647887324, 242.475]], "Sheep": [], "purge": false, "written": true}, "zombie6-00001.png": {"Creeper": [], "Pig": [], "Zombie": [[136.6056338028169, 157.67499999999998, 89.5774647887324, 243.79999999999998]], "Sheep": [], "purge": false, "written": true}, "zombie6-00002.png": {"Creeper": [], "Pig": [], "Zombie": [[132.1267605633803, 253.075, 69.4225352112676, 124.55]], "Sheep": [], "purge": false, "written": true}, "zombie6-00003.png": {"Creeper": [], "Pig": [], "Zombie": [[111.97183098591549, 235.85, 61.2112676056338, 155.025]], "Sheep": [], "purge": false, "written": true}, "zombie6-00004.png": {"Creeper": [], "Pig": [], "Zombie": [[100.77464788732395, 234.525, 47.774647887323944, 157.67499999999998]], "Sheep": [], "purge": false, "written": true}, "zombie6-00005.png": {"Creeper": [], "Pig": [], "Zombie": [[218.71830985915494, 196.1, 49.267605633802816, 132.5]], "Sheep": [], "purge": false, "written": true}, "zombie6-00006.png": {"Creeper": [], "Pig": [], "Zombie": [[165.71830985915494, 222.6, 33.59154929577465, 112.625]], "Sheep": [], "purge": false, "written": true}, "zombie6-00007.png": {"Creeper": [], "Pig": [], "Zombie": [[217.9718309859155, 287.525, 28.366197183098592, 51.675]], "Sheep": [], "purge": false, "written": true}, "zombie6-00008.png": {"Creeper": [], "Pig": [], "Zombie": [[229.9154929577465, 286.2, 29.112676056338028, 55.65]], "Sheep": [], "purge": false, "written": true}, "zombie6-00009.png": {"Creeper": [], "Pig": [], "Zombie": [[61.2112676056338, 253.075, 30.6056338028169, 63.599999999999994]], "Sheep": [], "purge": false, "written": true}, "zombie6-00010.png": {"Creeper": [], "Pig": [], "Zombie": [[194.08450704225353, 209.35, 29.112676056338028, 74.2]], "Sheep": [], "purge": false, "written": true}, "zombie6-00011.png": {"Creeper": [], "Pig": [], "Zombie": [[159.0, 208.025, 48.521126760563384, 152.375]], "Sheep": [], "purge": false, "written": true}, "zombie6-00012.png": {"Creeper": [], "Pig": [], "Zombie": [[127.64788732394366, 173.575, 32.84507042253521, 91.425]], "Sheep": [], "purge": false, "written": true}, "zombie6-00013.png": {"Creeper": [], "Pig": [], "Zombie": [[123.91549295774648, 162.975, 23.140845070422536, 62.275]], "Sheep": [], "purge": false, "written": true}, "zombie6-00014.png": {"Creeper": [], "Pig": [], "Zombie": [[166.46478873239437, 162.975, 27.619718309859156, 86.125]], "Sheep": [], "purge": false, "written": true}, "zombie6-00015.png": {"Creeper": [], "Pig": [], "Zombie": [[73.15492957746478, 132.5, 42.54929577464789, 124.55]], "Sheep": [], "purge": false, "written": true}, "zombie6-00016.png": {"Creeper": [], "Pig": [], "Zombie": [[191.09859154929578, 133.825, 28.366197183098592, 84.8]], "Sheep": [], "purge": false, "written": true}, "zombie6-00017.png": {"Creeper": [], "Pig": [], "Zombie": [[232.90140845070422, 136.475, 26.87323943661972, 74.2]], "Sheep": [], "purge": false, "written": true}, "zombie6-00018.png": {"Creeper": [], "Pig": [], "Zombie": [[245.59154929577466, 153.7, 29.112676056338028, 71.55]], "Sheep": [], "purge": false, "written": true}, "zombie6-00019.png": {"Creeper": [], "Pig": [], "Zombie": [[244.09859154929578, 190.79999999999998, 34.33802816901409, 94.075]], "Sheep": [], "purge": false, "written": true}, "zombie6-00020.png": {"Creeper": [], "Pig": [], "Zombie": [[252.30985915492957, 201.4, 53.0, 116.6]], "Sheep": [], "purge": false, "written": true}, "zombie6-00021.png": {"Creeper": [], "Pig": [], "Zombie": [[190.35211267605635, 168.275, 41.80281690140845, 106.0]], "Sheep": [], "purge": false, "written": true}, "zombie6-00022.png": {"Creeper": [], "Pig": [], "Zombie": [[76.88732394366197, 250.42499999999998, 47.028169014084504, 78.175]], "Sheep": [], "purge": false, "written": true}, "zombie6-00023.png": {"Creeper": [], "Pig": [], "Zombie": [[141.08450704225353, 165.625, 32.84507042253521, 60.949999999999996]], "Sheep": [], "purge": false, "written": true}, "zombie6-00024.png": {"Creeper": [], "Pig": [], "Zombie": [[167.95774647887325, 137.79999999999998, 30.6056338028169, 58.3]], "Sheep": [], "purge": false, "written": true}, "zombie6-00025.png": {"Creeper": [], "Pig": [], "Zombie": [[103.01408450704226, 161.65, 45.53521126760563, 128.525]], "Sheep": [], "purge": false, "written": true}, "zombie6-00026.png": {"Creeper": [], "Pig": [], "Zombie": [[94.80281690140845, 100.7, 72.40845070422536, 201.4]], "Sheep": [], "purge": false, "written": true}, "zombie6-00027.png": {"Creeper": [], "Pig": [], "Zombie": [[77.63380281690141, 139.125, 46.28169014084507, 153.7]], "Sheep": [], "purge": false, "written": true}, "zombie6-00028.png": {"Creeper": [], "Pig": [], "Zombie": [[253.05633802816902, 149.725, 74.64788732394366, 205.375]], "Sheep": [], "purge": false, "written": true}, "zombie6-00029.png": {"Creeper": [], "Pig": [], "Zombie": [[213.49295774647888, 212.0, 60.46478873239437, 204.04999999999998]], "Sheep": [], "purge": false, "written": true}, "zombie6-00030.png": {"Creeper": [], "Pig": [], "Zombie": [[156.7605633802817, 157.67499999999998, 147.80281690140845, 312.7]], "Sheep": [], "purge": false, "written": true}, "zombie6-00031.png": {"Creeper": [], "Pig": [], "Zombie": [[51.50704225352113, 170.92499999999998, 101.52112676056338, 286.2]], "Sheep": [], "purge": false, "written": true}, "zombie6-00032.png": {"Creeper": [], "Pig": [], "Zombie": [[131.38028169014083, 148.4, 53.0, 124.55]], "Sheep": [], "purge": false, "written": true}, "zombie6-00033.png": {"Creeper": [], "Pig": [], "Zombie": [[161.2394366197183, 164.29999999999998, 23.887323943661972, 59.625]], "Sheep": [], "purge": false, "written": true}, "zombie6-00034.png": {"Creeper": [], "Pig": [], "Zombie": [[152.28169014084506, 115.27499999999999, 17.91549295774648, 39.75]], "Sheep": [], "purge": false, "written": true}, "zombie6-00035.png": {"Creeper": [], "Pig": [], "Zombie": [[167.2112676056338, 139.125, 16.422535211267604, 34.449999999999996]], "Sheep": [], "purge": false, "written": true}, "zombie6-00036.png": {"Creeper": [], "Pig": [], "Zombie": [[178.40845070422534, 148.4, 17.91549295774648, 30.474999999999998]], "Sheep": [], "purge": false, "written": true}, "zombie6-00037.png": {"Creeper": [], "Pig": [], "Zombie": [[209.7605633802817, 213.325, 20.154929577464788, 33.125]], "Sheep": [], "purge": false, "written": true}, "zombie6-00038.png": {"Creeper": [], "Pig": [], "Zombie": [[221.70422535211267, 245.125, 20.901408450704224, 30.474999999999998]], "Sheep": [], "purge": false, "written": true}, "zombie6-00039.png": {"Creeper": [], "Pig": [], "Zombie": [[83.6056338028169, 276.925, 24.633802816901408, 34.449999999999996]], "Sheep": [], "purge": false, "written": true}, "zombie6-00040.png": {"Creeper": [], "Pig": [], "Zombie": [[132.1267605633803, 219.95, 20.901408450704224, 33.125]], "Sheep": [], "purge": false, "written": true}, "zombie6-00041.png": {"Creeper": [], "Pig": [], "Zombie": [[154.5211267605634, 185.5, 34.33802816901409, 58.3]], "Sheep": [], "purge": false, "written": true}, "zombie6-00042.png": {"Creeper": [], "Pig": [], "Zombie": [[144.07042253521126, 184.17499999999998, 36.57746478873239, 58.3]], "Sheep": [], "purge": false, "written": true}, "zombie6-00043.png": {"Creeper": [], "Pig": [], "Zombie": [[82.85915492957747, 170.92499999999998, 26.12676056338028, 26.5]], "Sheep": [], "purge": false, "written": true}, "zombie6-00044.png": {"Creeper": [], "Pig": [], "Zombie": [[33.59154929577465, 214.65, 27.619718309859156, 34.449999999999996]], "Sheep": [], "purge": false, "written": true}, "zombie6-00045.png": {"Creeper": [], "Pig": [], "Zombie": [[175.42253521126761, 160.325, 23.887323943661972, 50.35]], "Sheep": [], "purge": false, "written": true}, "zombie6-00046.png": {"Creeper": [], "Pig": [], "Zombie": [[163.4788732394366, 160.325, 21.647887323943664, 70.225]], "Sheep": [], "purge": false, "written": true}, "zombie6-00047.png": {"Creeper": [], "Pig": [],