{"pig1-00000.png": {"Creeper": [], "Pig": [[180.64788732394365, 161.65, 27.619718309859156, 35.775]], "Zombie": [], "Sheep": [], "purge": false, "written": true}, "pig1-00001.png": {"Creeper": [], "Pig": [[127.64788732394366, 209.35, 26.12676056338028, 34.449999999999996]], "Zombie": [], "Sheep": [], "purge": false, "written": true}, "pig1-00002.png": {"Creeper": [], "Pig": [[147.80281690140845, 174.9, 33.59154929577465, 43.725]], "Zombie": [], "Sheep": [], "purge": false, "written": true}, "pig1-00003.png": {"Creeper": [], "Pig": [[156.01408450704224, 166.95, 23.140845070422536, 39.75]], "Zombie": [], "Sheep": [], "purge": false, "written": true}, "pig1-00004.png": {"Creeper": [], "Pig": [[151.53521126760563, 162.975, 19.408450704225352, 39.75]], "Zombie": [], "Sheep": [], "purge": false, "written": true}, "pig1-00005.png": {"Creeper": [], "Pig": [[238.1267605633803, 202.725, 43.29577464788733, 53.0]], "Zombie": [], "Sheep": [], "purge": false, "written": true}, "pig1-00006.png": {"Creeper": [], "Pig": [[229.9154929577465, 202.725, 32.098591549295776, 43.725]], "Zombie": [], "Sheep": [], "purge": false, "written": true}, "pig1-00007.png": {"Creeper": [], "Pig": [[188.85915492957747, 182.85, 16.422535211267604, 37.1]], "Zombie": [], "Sheep": [], "purge": false, "written": true}, "pig1-00008.png": {"Creeper": [], "Pig": [[186.61971830985917, 173.575, 11.19718309859155, 23.849999999999998]], "Zombie": [], "Sheep": [], "purge": false, "written": true}, "pig1-00009.png": {"Creeper": [], "Pig": [[185.1267605633803, 155.025, 10.450704225352112, 17.224999999999998]], "Zombie": [], "Sheep": [], "purge": false, "written": true}, "pig1-00010.png": {"Creeper": [], "Pig": [[162.73239436619718, 148.4, 8.211267605633802, 17.224999999999998]], "Zombie": [], "Sheep": [], "purge": false, "written": true}, "pig1-00011.png": {"Creeper": [], "Pig": [[144.07042253521126, 148.4, 6.71830985915493, 13.25]], "Zombie": [], "Sheep": [], "purge": false, "written": true}, "pig1-00012.png": {"Creeper": [], "Pig": [[129.88732394366198, 156.35, 7.464788732394366, 15.899999999999999]], "Zombie": [], "Sheep": [], "purge": false, "written": true}, "pig1-00013.png": {"Creeper": [], "Pig": [[128.3943661971831, 155.025, 6.71830985915493, 13.25]], "Zombie": [], "Sheep": [], "purge": false, "written": true}, "pig1-00014.png": {"Creeper": [], "Pig": [], "Zombie": [], "Sheep": [], "purge": false, "written": false}, "pig1-00015.png": {"Creeper": [], "Pig": [[134.3661971830986, 159.0, 9.704225352112676, 13.25]], "Zombie": [], "Sheep": [], "purge": false, "written": true}, "pig1-00016.png": {"Creeper": [], "Pig": [[144.07042253521126, 160.325, 6.71830985915493, 9.275]], "Zombie": [], "Sheep": [], "purge": false, "written": true}, "pig1-00017.png": {"Creeper": [], "Pig": [], "Zombie": [], "Sheep": [], "purge": false, "written": false}, "pig1-00018.png": {"Creeper": [], "Pig": [[156.7605633802817, 160.325, 7.464788732394366, 10.6]], "Zombie": [], "Sheep": [], "purge": false, "written": true}, "pig1-00019.png": {"Creeper": [], "Pig": [[153.0281690140845, 165.625, 5.971830985915493, 11.924999999999999]], "Zombie": [], "Sheep": [], "purge": false, "written": true}, "pig1-00020.png": {"Creeper": [], "Pig": [[144.07042253521126, 161.65, 8.211267605633802, 14.575]], "Zombie": [], "Sheep": [], "purge": false, "written": true}, "pig1-00021.png": {"Creeper": [], "Pig": [[147.05633802816902, 157.67499999999998, 8.95774647887324, 22.525]], "Zombie": [], "Sheep": [], "purge": false, "written": true}, "pig1-00022.png": {"Creeper": [], "Pig": [[106.0, 178.875, 10.450704225352112, 27.825]], "Zombie": [], "Sheep": [], "purge": false, "written": true}, "pig1-00023.png": {"Creeper": [], "Pig": [[36.57746478873239, 189.475, 26.87323943661972, 30.474999999999998]], "Zombie": [], "Sheep": [], "purge": false, "written": true}, "pig1-00024.png": {"Creeper": [], "Pig": [[76.14084507042253, 198.75, 14.183098591549296, 26.5]], "Zombie": [], "Sheep": [], "purge": false, "written": true}, "pig1-00025.png": {"Creeper": [], "Pig": [[78.38028169014085, 217.29999999999998, 13.43661971830986, 31.799999999999997]], "Zombie": [], "Sheep": [], "purge": false, "written": true}, "pig1-00026.png": {"Creeper": [], "Pig": [[54.49295774647887, 229.225, 24.633802816901408, 39.75]], "Zombie": [], "Sheep": [], "purge": false, "written": true}, "pig1-00027.png": {"Creeper": [], "Pig": [[92.56338028169014, 205.375, 29.859154929577464, 35.775]], "Zombie": [], "Sheep": [], "purge": false, "written": true}, "pig1-00028.png": {"Creeper": [], "Pig": [[135.11267605633802, 227.9, 26.87323943661972, 35.775]], "Zombie": [], "Sheep": [], "purge": false, "written": true}, "pig1-00029.png": {"Creeper": [], "Pig": [[127.64788732394366, 177.54999999999998, 27.619718309859156, 31.799999999999997]], "Zombie": [], "Sheep": [], "purge": false, "written": true}, "pig1-00030.png": {"Creeper": [], "Pig": [[177.66197183098592, 174.9, 21.647887323943664, 34.449999999999996]], "Zombie": [], "Sheep": [], "purge": false, "written": true}, "pig1-00031.png": {"Creeper": [], "Pig": [[279.1830985915493, 196.1, 7.464788732394366, 59.625]], "Zombie": [], "Sheep": [], "purge": false, "written": true}, "pig1-00032.png": {"Creeper": [], "Pig": [[286.6478873239437, 229.225, 61.95774647887324, 109.975]], "Zombie": [], "Sheep": [], "purge": false, "written": true}, "pig1-00033.png": {"Creeper": [], "Pig": [[147.05633802816902, 190.79999999999998, 49.267605633802816, 62.275]], "Zombie": [], "Sheep": [], "purge": false, "written": true}, "pig1-00034.png": {"Creeper": [], "Pig": [[103.01408450704226, 201.4, 34.33802816901409, 45.05]], "Zombie": [], "Sheep": [], "purge": false, "written": true}, "pig1-00035.png": {"Creeper": [], "Pig": [[175.42253521126761, 152.375, 20.901408450704224, 26.5]], "Zombie": [], "Sheep": [], "purge": false, "written": true}, "pig1-00036.png": {"Creeper": [], "Pig": [[144.81690140845072, 102.02499999999999, 29.112676056338028, 41.074999999999996]], "Zombie": [], "Sheep": [], "purge": false, "written": true}, "pig1-00037.png": {"Creeper": [], "Pig": [[145.56338028169014, 129.85, 58.971830985915496, 88.77499999999999]], "Zombie": [], "Sheep": [], "purge": false, "written": true}, "pig1-00038.png": {"Creeper": [], "Pig": [[123.91549295774648, 139.125, 48.521126760563384, 92.75]], "Zombie": [], "Sheep": [], "purge": false, "written": true}, "pig1-00039.png": {"Creeper": [], "Pig": [[122.4225352112676, 143.1, 78.38028169014085, 91.425]], "Zombie": [], "Sheep": [], "purge": false, "written": true}, "pig1-00040.png": {"Creeper": [], "Pig": [[105.25352112676056, 157.67499999999998, 48.521126760563384, 87.45]], "Zombie": [], "Sheep": [], "purge": false, "written": true}, "pig1-00041.png": {"Creeper": [], "Pig": [[184.38028169014083, 208.025, 38.070422535211264, 120.575]], "Zombie": [], "Sheep": [], "purge": false, "written": true}, "pig1-00042.png": {"Creeper": [], "Pig": [[259.77464788732397, 247.775, 114.21126760563381, 137.79999999999998]], "Zombie": [], "Sheep": [], "purge": false, "written": true}, "pig1-00043.png": {"Creeper": [], "Pig": [[196.32394366197184, 182.85, 20.901408450704224, 49.025]], "Zombie": [], "Sheep": [], "purge": false, "written": true}, "pig1-00044.png": {"Creeper": [], "Pig": [[126.15492957746478, 193.45, 55.23943661971831, 71.55]], "Zombie": [], "Sheep": [], "purge": false, "written": true}, "pig1-00045.png": {"Creeper": [], "Pig": [[171.69014084507043, 80.825, 36.57746478873239, 45.05]], "Zombie": [], "Sheep": [], "purge": false, "written": true}, "pig1-00046.png": {"Creeper": [], "Pig": [[26.12676056338028, 86.125, 29.859154929577464, 45.05]], "Zombie": [], "Sheep": [], "purge": false, "written": true}, "pig1-00047.png": {"Creeper": [], "Pig": [[2.9859154929577465, 56.975, 6.71830985915493, 33.125]], "Zombie": [], "Sheep": [], "purge": false, "written": true}, "pig1-00048.png": {"Creeper": [], "Pig": [[25.380281690140844, 103.35, 25.380281690140844, 34.449999999999996]], "Zombie": [], "Sheep": [], "purge": false, "written": true},