{"creeper9-00000.png": {"Creeper": [[135.85915492957747, 156.35, 32.84507042253521, 107.325]], "Pig": [], "Zombie": [], "Sheep": [], "purge": false, "written": true}, "creeper9-00001.png": {"Creeper": [[136.6056338028169, 156.35, 32.84507042253521, 113.95]], "Pig": [], "Zombie": [], "Sheep": [], "purge": false, "written": true}, "creeper9-00002.png": {"Creeper": [[187.3661971830986, 231.875, 35.08450704225352, 125.875]], "Pig": [], "Zombie": [], "Sheep": [], "purge": false, "written": true}, "creeper9-00003.png": {"Creeper": [[241.85915492957747, 238.5, 51.50704225352113, 155.025]], "Pig": [], "Zombie": [], "Sheep": [], "purge": false, "written": true}, "creeper9-00004.png": {"Creeper": [[67.92957746478874, 230.54999999999998, 38.816901408450704, 129.85]], "Pig": [], "Zombie": [], "Sheep": [], "purge": false, "written": true}, "creeper9-00005.png": {"Creeper": [[95.54929577464789, 190.79999999999998, 14.929577464788732, 62.275]], "Pig": [], "Zombie": [], "Sheep": [], "purge": false, "written": true}, "creeper9-00006.png": {"Creeper": [[144.81690140845072, 170.92499999999998, 9.704225352112676, 41.074999999999996]], "Pig": [], "Zombie": [], "Sheep": [], "purge": false, "written": true}, "creeper9-00007.png": {"Creeper": [[176.16901408450704, 166.95, 8.211267605633802, 34.449999999999996]], "Pig": [], "Zombie": [], "Sheep": [], "purge": false, "written": true}, "creeper9-00008.png": {"Creeper": [[209.01408450704224, 162.975, 11.19718309859155, 38.425]], "Pig": [], "Zombie": [], "Sheep": [], "purge": false, "written": true}, "creeper9-00009.png": {"Creeper": [[250.81690140845072, 166.95, 13.43661971830986, 43.725]], "Pig": [], "Zombie": [], "Sheep": [], "purge": false, "written": true}, "creeper9-00010.png": {"Creeper": [[233.64788732394365, 161.65, 11.19718309859155, 39.75]], "Pig": [], "Zombie": [], "Sheep": [], "purge": false, "written": true}, "creeper9-00011.png": {"Creeper": [[147.80281690140845, 182.85, 8.95774647887324, 34.449999999999996]], "Pig": [], "Zombie": [], "Sheep": [], "purge": false, "written": true}, "creeper9-00012.png": {"Creeper": [[93.30985915492958, 188.15, 13.43661971830986, 41.074999999999996]], "Pig": [], "Zombie": [], "Sheep": [], "purge": false, "written": true}, "creeper9-00013.png": {"Creeper": [[41.056338028169016, 193.45, 26.12676056338028, 66.25]], "Pig": [], "Zombie": [], "Sheep": [], "purge": false, "written": true}, "creeper9-00014.png": {"Creeper": [[70.91549295774648, 157.67499999999998, 18.661971830985916, 64.925]], "Pig": [], "Zombie": [], "Sheep": [], "purge": false, "written": true}, "creeper9-00015.png": {"Creeper": [[141.08450704225353, 117.925, 13.43661971830986, 74.2]], "Pig": [], "Zombie": [], "Sheep": [], "purge": false, "written": true}, "creeper9-00016.png": {"Creeper": [[162.73239436619718, 156.35, 38.816901408450704, 140.45]], "Pig": [], "Zombie": [], "Sheep": [], "purge": false, "written": true}, "creeper9-00017.png": {"Creeper": [[203.7887323943662, 210.67499999999998, 67.1830985915493, 204.04999999999998]], "Pig": [], "Zombie": [], "Sheep": [], "purge": false, "written": true}, "creeper9-00018.png": {"Creeper": [[247.08450704225353, 159.0, 35.08450704225352, 108.64999999999999]], "Pig": [], "Zombie": [], "Sheep": [], "purge": false, "written": true}, "creeper9-00019.png": {"Creeper": [[159.74647887323943, 123.225, 12.690140845070422, 49.025]], "Pig": [], "Zombie": [], "Sheep": [], "purge": false, "written": true}, "creeper9-00020.png": {"Creeper": [[135.85915492957747, 159.0, 8.211267605633802, 31.799999999999997]], "Pig": [], "Zombie": [], "Sheep": [], "purge": false, "written": true}, "creeper9-00021.png": {"Creeper": [[132.1267605633803, 166.95, 10.450704225352112, 33.125]], "Pig": [], "Zombie": [], "Sheep": [], "purge": false, "written": true}, "creeper9-00022.png": {"Creeper": [[182.88732394366198, 194.775, 15.67605633802817, 55.65]], "Pig": [], "Zombie": [], "Sheep": [], "purge": false, "written": true}, "creeper9-00023.png": {"Creeper": [[248.57746478873239, 229.225, 37.32394366197183, 145.75]], "Pig": [], "Zombie": [], "Sheep": [], "purge": false, "written": true}, "creeper9-00024.png": {"Creeper": [[156.7605633802817, 231.875, 44.7887323943662, 160.325]], "Pig": [], "Zombie": [], "Sheep": [], "purge": false, "written": true}, "creeper9-00025.png": {"Creeper": [[5.971830985915493, 225.25, 10.450704225352112, 98.05]], "Pig": [], "Zombie": [], "Sheep": [], "purge": false, "written": true}, "creeper9-00026.png": {"Creeper": [[44.7887323943662, 217.29999999999998, 22.3943661971831, 76.85]], "Pig": [], "Zombie": [], "Sheep": [], "purge": false, "written": true}, "creeper9-00027.png": {"Creeper": [[182.88732394366198, 141.775, 13.43661971830986, 47.699999999999996]], "Pig": [], "Zombie": [], "Sheep": [], "purge": false, "written": true}, "creeper9-00028.png": {"Creeper": [[115.70422535211267, 79.5, 11.19718309859155, 47.699999999999996]], "Pig": [], "Zombie": [], "Sheep": [], "purge": false, "written": true}, "creeper9-00029.png": {"Creeper": [[182.88732394366198, 58.3, 22.3943661971831, 66.25]], "Pig": [], "Zombie": [], "Sheep": [], "purge": false, "written": true}, "creeper9-00030.png": {"Creeper": [[235.14084507042253, 67.575, 47.774647887323944, 106.0]], "Pig": [], "Zombie": [], "Sheep": [], "purge": false, "written": true}, "creeper9-00031.png": {"Creeper": [[122.4225352112676, 145.75, 24.633802816901408, 103.35]], "Pig": [], "Zombie": [], "Sheep": [], "purge": false, "written": true}, "creeper9-00032.png": {"Creeper": [[172.43661971830986, 153.7, 27.619718309859156, 113.95]], "Pig": [], "Zombie": [], "Sheep": [], "purge": false, "written": true}, "creeper9-00033.png": {"Creeper": [], "Pig": [], "Zombie": [], "Sheep": [], "purge": false, "written": false}, "creeper9-00034.png": {"Creeper": [[159.0, 180.2, 19.408450704225352, 39.75]], "Pig": [], "Zombie": [], "Sheep": [], "purge": false, "written": true}, "creeper9-00035.png": {"Creeper": [[97.04225352112677, 200.075, 16.422535211267604, 74.2]], "Pig": [], "Zombie": [], "Sheep": [], "purge": false, "written": true}, "creeper9-00036.png": {"Creeper": [[29.112676056338028, 237.17499999999998, 38.816901408450704, 143.1]], "Pig": [], "Zombie": [], "Sheep": [], "purge": false, "written": true}, "creeper9-00037.png": {"Creeper": [], "Pig": [], "Zombie": [], "Sheep": [], "purge": [], "written": []}, "creeper9-00038.png": {"Creeper": [[225.43661971830986, 181.525, 20.901408450704224, 78.175]], "Pig": [], "Zombie": [], "Sheep": [], "purge": false, "written": true}, "creeper9-00039.png": {"Creeper": [[243.35211267605635, 190.79999999999998, 14.183098591549296, 50.35]], "Pig": [], "Zombie": [], "Sheep": [], "purge": false, "written": true}, "creeper9-00040.png": {"Creeper": [[262.76056338028167, 210.67499999999998, 16.422535211267604, 42.4]], "Pig": [], "Zombie": [], "Sheep": [], "purge": false, "written": true}, "creeper9-00041.png": {"Creeper": [[249.32394366197184, 189.475, 13.43661971830986, 38.425]], "Pig": [], "Zombie": [], "Sheep": [], "purge": false, "written": true}, "creeper9-00042.png": {"Creeper": [[138.09859154929578, 119.25, 10.450704225352112, 29.15]], "Pig": [], "Zombie": [], "Sheep": [], "purge": false, "written": true}, "creeper9-00043.png": {"Creeper": [[46.28169014084507, 91.425, 15.67605633802817, 42.4]], "Pig": [], "Zombie": [], "Sheep": [], "purge": false, "written": true}, "creeper9-00044.png": {"Creeper": [[114.95774647887325, 103.35, 8.211267605633802, 23.849999999999998]], "Pig": [], "Zombie": [], "Sheep": [], "purge": false, "written": true}, "creeper9-00045.png": {"Creeper": [[120.92957746478874, 124.55, 8.211267605633802, 14.575]], "Pig": [], "Zombie": [], "Sheep": [], "purge": false, "written": true}, "creeper9-00046.png": {"Creeper": [[128.3943661971831, 143.1, 6.71830985915493, 13.25]], "Pig": [], "Zombie": [], "Sheep": [], "purge": false, "written": true}, "creeper9-00047.png": {"Creeper": [[164.22535211267606, 170.92499999999998, 8.95774647887324, 21.2]], "Pig": [], "Zombie": [], "Sheep": [], "purge": false,