{"sheep7-00000.png": {"Creeper": [], "Pig": [], "Zombie": [], "Sheep": [[190.35211267605635, 208.025, 22.3943661971831, 70.225]], "purge": false, "written": true}, "sheep7-00001.png": {"Creeper": [], "Pig": [], "Zombie": [], "Sheep": [[189.6056338028169, 208.025, 21.647887323943664, 70.225]], "purge": false, "written": true}, "sheep7-00002.png": {"Creeper": [], "Pig": [], "Zombie": [], "Sheep": [[192.59154929577466, 243.79999999999998, 18.661971830985916, 63.599999999999994]], "purge": false, "written": true}, "sheep7-00003.png": {"Creeper": [], "Pig": [], "Zombie": [], "Sheep": [[209.7605633802817, 239.825, 14.183098591549296, 45.05]], "purge": false, "written": true}, "sheep7-00004.png": {"Creeper": [], "Pig": [], "Zombie": [], "Sheep": [[247.83098591549296, 237.17499999999998, 27.619718309859156, 45.05]], "purge": false, "written": true}, "sheep7-00005.png": {"Creeper": [], "Pig": [], "Zombie": [], "Sheep": [[179.1549295774648, 215.975, 20.154929577464788, 37.1]], "purge": false, "written": true}, "sheep7-00006.png": {"Creeper": [], "Pig": [], "Zombie": [], "Sheep": [[86.59154929577466, 229.225, 25.380281690140844, 47.699999999999996]], "purge": false, "written": true}, "sheep7-00007.png": {"Creeper": [], "Pig": [], "Zombie": [], "Sheep": [[101.52112676056338, 173.575, 15.67605633802817, 31.799999999999997]], "purge": false, "written": true}, "sheep7-00008.png": {"Creeper": [], "Pig": [], "Zombie": [], "Sheep": [[105.25352112676056, 88.77499999999999, 20.154929577464788, 29.15]], "purge": false, "written": true}, "sheep7-00009.png": {"Creeper": [], "Pig": [], "Zombie": [], "Sheep": [[112.71830985915493, 60.949999999999996, 26.87323943661972, 47.699999999999996]], "purge": false, "written": true}, "sheep7-00010.png": {"Creeper": [], "Pig": [], "Zombie": [], "Sheep": [[223.94366197183098, 131.17499999999998, 37.32394366197183, 31.799999999999997]], "purge": false, "written": true}, "sheep7-00011.png": {"Creeper": [], "Pig": [], "Zombie": [], "Sheep": [[179.90140845070422, 172.25, 32.098591549295776, 67.575]], "purge": false, "written": true}, "sheep7-00012.png": {"Creeper": [], "Pig": [], "Zombie": [], "Sheep": [[82.11267605633803, 204.04999999999998, 31.35211267605634, 78.175]], "purge": false, "written": true}, "sheep7-00013.png": {"Creeper": [], "Pig": [], "Zombie": [], "Sheep": [[75.3943661971831, 178.875, 39.563380281690144, 60.949999999999996]], "purge": false, "written": true}, "sheep7-00014.png": {"Creeper": [], "Pig": [], "Zombie": [], "Sheep": [[102.26760563380282, 113.95, 20.154929577464788, 30.474999999999998]], "purge": false, "written": true}, "sheep7-00015.png": {"Creeper": [], "Pig": [], "Zombie": [], "Sheep": [[95.54929577464789, 121.89999999999999, 20.901408450704224, 27.825]], "purge": false, "written": true}, "sheep7-00016.png": {"Creeper": [], "Pig": [], "Zombie": [], "Sheep": [[124.66197183098592, 149.725, 14.929577464788732, 22.525]], "purge": false, "written": true}, "sheep7-00017.png": {"Creeper": [], "Pig": [], "Zombie": [], "Sheep": [[151.53521126760563, 155.025, 14.929577464788732, 23.849999999999998]], "purge": false, "written": true}, "sheep7-00018.png": {"Creeper": [], "Pig": [], "Zombie": [], "Sheep": [[73.15492957746478, 152.375, 19.408450704225352, 30.474999999999998]], "purge": false, "written": true}, "sheep7-00019.png": {"Creeper": [], "Pig": [], "Zombie": [], "Sheep": [[272.46478873239437, 75.52499999999999, 26.87323943661972, 29.15]], "purge": false, "written": true}, "sheep7-00020.png": {"Creeper": [], "Pig": [], "Zombie": [], "Sheep": [[161.98591549295776, 188.15, 20.901408450704224, 27.825]], "purge": false, "written": true}, "sheep7-00021.png": {"Creeper": [], "Pig": [], "Zombie": [], "Sheep": [[84.35211267605634, 177.54999999999998, 30.6056338028169, 23.849999999999998]], "purge": false, "written": true}, "sheep7-00022.png": {"Creeper": [], "Pig": [], "Zombie": [], "Sheep": [], "purge": false, "written": false}, "sheep7-00023.png": {"Creeper": [], "Pig": [], "Zombie": [], "Sheep": [[213.49295774647888, 196.1, 38.816901408450704, 55.65]], "purge": false, "written": true}, "sheep7-00024.png": {"Creeper": [], "Pig": [], "Zombie": [], "Sheep": [[235.88732394366198, 151.04999999999998, 50.76056338028169, 95.39999999999999]], "purge": false, "written": true}, "sheep7-00025.png": {"Creeper": [], "Pig": [], "Zombie": [], "Sheep": [[112.71830985915493, 100.7, 32.098591549295776, 90.1]], "purge": false, "written": true}, "sheep7-00026.png": {"Creeper": [], "Pig": [], "Zombie": [], "Sheep": [[41.80281690140845, 26.5, 42.54929577464789, 51.675]], "purge": false, "written": true}, "sheep7-00027.png": {"Creeper": [], "Pig": [], "Zombie": [], "Sheep": [[279.92957746478874, 185.5, 52.25352112676056, 56.975]], "purge": false, "written": true}, "sheep7-00028.png": {"Creeper": [], "Pig": [], "Zombie": [], "Sheep": [[270.22535211267603, 251.75, 34.33802816901409, 47.699999999999996]], "purge": false, "written": true}, "sheep7-00029.png": {"Creeper": [], "Pig": [], "Zombie": [], "Sheep": [[139.59154929577466, 112.625, 14.929577464788732, 34.449999999999996]], "purge": false, "written": true}, "sheep7-00030.png": {"Creeper": [], "Pig": [], "Zombie": [], "Sheep": [[83.6056338028169, 125.875, 17.169014084507044, 35.775]], "purge": false, "written": true}, "sheep7-00031.png": {"Creeper": [], "Pig": [], "Zombie": [], "Sheep": [[256.0422535211268, 170.92499999999998, 15.67605633802817, 30.474999999999998]], "purge": false, "written": true}, "sheep7-00032.png": {"Creeper": [], "Pig": [], "Zombie": [], "Sheep": [[278.4366197183099, 166.95, 24.633802816901408, 25.175]], "purge": false, "written": true}, "sheep7-00033.png": {"Creeper": [], "Pig": [], "Zombie": [], "Sheep": [[161.98591549295776, 75.52499999999999, 11.19718309859155, 17.224999999999998]], "purge": false, "written": true}, "sheep7-00034.png": {"Creeper": [], "Pig": [], "Zombie": [], "Sheep": [], "purge": false, "written": false}, "sheep7-00035.png": {"Creeper": [], "Pig": [], "Zombie": [], "Sheep": [[138.09859154929578, 164.29999999999998, 32.84507042253521, 46.375]], "purge": false, "written": true}, "sheep7-00036.png": {"Creeper": [], "Pig": [], "Zombie": [], "Sheep": [[148.5492957746479, 143.1, 84.35211267605634, 120.575]], "purge": false, "written": true}, "sheep7-00037.png": {"Creeper": [], "Pig": [], "Zombie": [], "Sheep": [[64.94366197183099, 230.54999999999998, 57.47887323943662, 149.725]], "purge": false, "written": true}, "sheep7-00038.png": {"Creeper": [], "Pig": [], "Zombie": [], "Sheep": [[152.28169014084506, 181.525, 29.112676056338028, 42.4]], "purge": false, "written": true}, "sheep7-00039.png": {"Creeper": [], "Pig": [], "Zombie": [], "Sheep": [[217.22535211267606, 188.15, 22.3943661971831, 35.775]], "purge": false, "written": true}, "sheep7-00040.png": {"Creeper": [], "Pig": [], "Zombie": [], "Sheep": [[217.22535211267606, 193.45, 17.169014084507044, 23.849999999999998]], "purge": false, "written": true}, "sheep7-00041.png": {"Creeper": [], "Pig": [], "Zombie": [], "Sheep": [[206.77464788732394, 192.125, 14.183098591549296, 21.2]], "purge": false, "written": true}, "sheep7-00042.png": {"Creeper": [], "Pig": [], "Zombie": [], "Sheep": [[197.81690140845072, 178.875, 11.19718309859155, 15.899999999999999]], "purge": false, "written": true}, "sheep7-00043.png": {"Creeper": [], "Pig": [], "Zombie": [], "Sheep": [], "purge": false, "written": false}, "sheep7-00044.png": {"Creeper": [], "Pig": [], "Zombie": [], "Sheep": [[200.80281690140845, 188.15, 11.943661971830986, 15.899999999999999]], "purge": false, "written": true}, "sheep7-00045.png": {"Creeper": [], "Pig": [], "Zombie": [], "Sheep": [[180.64788732394365, 190.79999999999998, 11.943661971830986, 15.899999999999999]], "purge": false, "written": true}, "sheep7-00046.png": {"Creeper": [], "Pig": [], "Zombie": [], "Sheep": [[85.84507042253522, 184.17499999999998, 15.67605633802817, 21.2]], "purge": false, "written": true}, "sheep7-00047.png": {"Creeper": [], "Pig": [], "Zombie": [],