{"sheep6-00000.png": {"Creeper": [], "Pig": [], "Zombie": [], "Sheep": [[101.52112676056338, 249.1, 124.66197183098592, 133.825]], "purge": false, "written": true}, "sheep6-00001.png": {"Creeper": [], "Pig": [], "Zombie": [], "Sheep": [[101.52112676056338, 249.1, 123.91549295774648, 133.825]], "purge": false, "written": true}, "sheep6-00002.png": {"Creeper": [], "Pig": [], "Zombie": [], "Sheep": [[150.04225352112675, 241.15, 46.28169014084507, 95.39999999999999]], "purge": false, "written": true}, "sheep6-00003.png": {"Creeper": [], "Pig": [], "Zombie": [], "Sheep": [[155.26760563380282, 250.42499999999998, 33.59154929577465, 123.225]], "purge": false, "written": true}, "sheep6-00004.png": {"Creeper": [], "Pig": [], "Zombie": [], "Sheep": [[191.8450704225352, 200.075, 53.74647887323944, 94.075]], "purge": false, "written": true}, "sheep6-00005.png": {"Creeper": [], "Pig": [], "Zombie": [], "Sheep": [[193.33802816901408, 198.75, 55.23943661971831, 96.725]], "purge": false, "written": true}, "sheep6-00006.png": {"Creeper": [], "Pig": [], "Zombie": [], "Sheep": [[86.59154929577466, 166.95, 94.80281690140845, 235.85]], "purge": false, "written": true}, "sheep6-00007.png": {"Creeper": [], "Pig": [], "Zombie": [], "Sheep": [[22.3943661971831, 181.525, 45.53521126760563, 156.35]], "purge": false, "written": true}, "sheep6-00008.png": {"Creeper": [], "Pig": [], "Zombie": [], "Sheep": [[162.73239436619718, 160.325, 22.3943661971831, 43.725]], "purge": false, "written": true}, "sheep6-00009.png": {"Creeper": [], "Pig": [], "Zombie": [], "Sheep": [[168.70422535211267, 222.6, 29.859154929577464, 71.55]], "purge": false, "written": true}, "sheep6-00010.png": {"Creeper": [], "Pig": [], "Zombie": [], "Sheep": [[244.8450704225352, 283.55, 35.83098591549296, 66.25]], "purge": false, "written": true}, "sheep6-00011.png": {"Creeper": [], "Pig": [], "Zombie": [], "Sheep": [[194.08450704225353, 210.67499999999998, 46.28169014084507, 92.75]], "purge": false, "written": true}, "sheep6-00012.png": {"Creeper": [], "Pig": [], "Zombie": [], "Sheep": [[125.40845070422536, 234.525, 111.22535211267606, 162.975]], "purge": false, "written": true}, "sheep6-00013.png": {"Creeper": [], "Pig": [], "Zombie": [], "Sheep": [[52.25352112676056, 238.5, 75.3943661971831, 151.04999999999998]], "purge": false, "written": true}, "sheep6-00014.png": {"Creeper": [], "Pig": [], "Zombie": [], "Sheep": [[88.83098591549296, 184.17499999999998, 33.59154929577465, 64.925]], "purge": false, "written": true}, "sheep6-00015.png": {"Creeper": [], "Pig": [], "Zombie": [], "Sheep": [[76.14084507042253, 270.3, 34.33802816901409, 92.75]], "purge": false, "written": true}, "sheep6-00016.png": {"Creeper": [], "Pig": [], "Zombie": [], "Sheep": [[129.14084507042253, 254.39999999999998, 41.056338028169016, 84.8]], "purge": false, "written": true}, "sheep6-00017.png": {"Creeper": [], "Pig": [], "Zombie": [], "Sheep": [[181.3943661971831, 221.275, 26.12676056338028, 45.05]], "purge": false, "written": true}, "sheep6-00018.png": {"Creeper": [], "Pig": [], "Zombie": [], "Sheep": [[219.46478873239437, 234.525, 26.87323943661972, 38.425]], "purge": false, "written": true}, "sheep6-00019.png": {"Creeper": [], "Pig": [], "Zombie": [], "Sheep": [[130.6338028169014, 213.325, 18.661971830985916, 35.775]], "purge": false, "written": true}, "sheep6-00020.png": {"Creeper": [], "Pig": [], "Zombie": [], "Sheep": [[103.7605633802817, 219.95, 20.154929577464788, 38.425]], "purge": false, "written": true}, "sheep6-00021.png": {"Creeper": [], "Pig": [], "Zombie": [], "Sheep": [[186.61971830985917, 107.325, 16.422535211267604, 33.125]], "purge": false, "written": true}, "sheep6-00022.png": {"Creeper": [], "Pig": [], "Zombie": [], "Sheep": [[230.66197183098592, 165.625, 12.690140845070422, 30.474999999999998]], "purge": false, "written": true}, "sheep6-00023.png": {"Creeper": [], "Pig": [], "Zombie": [], "Sheep": [[214.2394366197183, 145.75, 13.43661971830986, 23.849999999999998]], "purge": false, "written": true}, "sheep6-00024.png": {"Creeper": [], "Pig": [], "Zombie": [], "Sheep": [], "purge": [], "written": []}, "sheep6-00025.png": {"Creeper": [], "Pig": [], "Zombie": [], "Sheep": [[131.38028169014083, 180.2, 8.211267605633802, 25.175]], "purge": false, "written": true}, "sheep6-00026.png": {"Creeper": [], "Pig": [], "Zombie": [], "Sheep": [[135.11267605633802, 193.45, 13.43661971830986, 22.525]], "purge": false, "written": true}, "sheep6-00027.png": {"Creeper": [], "Pig": [], "Zombie": [], "Sheep": [[125.40845070422536, 212.0, 14.183098591549296, 29.15]], "purge": false, "written": true}, "sheep6-00028.png": {"Creeper": [], "Pig": [], "Zombie": [], "Sheep": [[123.16901408450704, 235.85, 14.929577464788732, 29.15]], "purge": false, "written": true}, "sheep6-00029.png": {"Creeper": [], "Pig": [], "Zombie": [], "Sheep": [[257.53521126760563, 263.675, 23.887323943661972, 25.175]], "purge": false, "written": true}, "sheep6-00030.png": {"Creeper": [], "Pig": [], "Zombie": [], "Sheep": [[143.32394366197184, 148.4, 11.943661971830986, 18.55]], "purge": false, "written": true}, "sheep6-00031.png": {"Creeper": [], "Pig": [], "Zombie": [], "Sheep": [[97.78873239436619, 112.625, 14.183098591549296, 27.825]], "purge": false, "written": true}, "sheep6-00032.png": {"Creeper": [], "Pig": [], "Zombie": [], "Sheep": [[173.1830985915493, 87.45, 16.422535211267604, 22.525]], "purge": false, "written": true}, "sheep6-00033.png": {"Creeper": [], "Pig": [], "Zombie": [], "Sheep": [[198.56338028169014, 180.2, 21.647887323943664, 33.125]], "purge": false, "written": true}, "sheep6-00034.png": {"Creeper": [], "Pig": [], "Zombie": [], "Sheep": [[134.3661971830986, 188.15, 15.67605633802817, 43.725]], "purge": false, "written": true}, "sheep6-00035.png": {"Creeper": [], "Pig": [], "Zombie": [], "Sheep": [[112.71830985915493, 185.5, 8.95774647887324, 42.4]], "purge": false, "written": true}, "sheep6-00036.png": {"Creeper": [], "Pig": [], "Zombie": [], "Sheep": [], "purge": false, "written": false}, "sheep6-00037.png": {"Creeper": [], "Pig": [], "Zombie": [], "Sheep": [[113.46478873239437, 182.85, 20.901408450704224, 38.425]], "purge": false, "written": true}, "sheep6-00038.png": {"Creeper": [], "Pig": [], "Zombie": [], "Sheep": [[159.0, 151.04999999999998, 17.169014084507044, 33.125]], "purge": false, "written": true}, "sheep6-00039.png": {"Creeper": [], "Pig": [], "Zombie": [], "Sheep": [[188.85915492957747, 125.875, 29.112676056338028, 43.725]], "purge": false, "written": true}, "sheep6-00040.png": {"Creeper": [], "Pig": [], "Zombie": [], "Sheep": [[195.57746478873239, 182.85, 33.59154929577465, 30.474999999999998]], "purge": false, "written": true}, "sheep6-00041.png": {"Creeper": [], "Pig": [], "Zombie": [], "Sheep": [[226.1830985915493, 217.29999999999998, 26.87323943661972, 59.625]], "purge": false, "written": true}, "sheep6-00042.png": {"Creeper": [], "Pig": [], "Zombie": [], "Sheep": [[161.98591549295776, 168.275, 33.59154929577465, 66.25]], "purge": false, "written": true}, "sheep6-00043.png": {"Creeper": [], "Pig": [], "Zombie": [], "Sheep": [[106.0, 164.29999999999998, 35.83098591549296, 42.4]], "purge": false, "written": true}, "sheep6-00044.png": {"Creeper": [], "Pig": [], "Zombie": [], "Sheep": [[145.56338028169014, 151.04999999999998, 37.32394366197183, 46.375]], "purge": false, "written": true}, "sheep6-00045.png": {"Creeper": [], "Pig": [], "Zombie": [], "Sheep": [[185.1267605633803, 172.25, 67.92957746478874, 98.05]], "purge": false, "written": true}, "sheep6-00046.png": {"Creeper": [], "Pig": [], "Zombie": [], "Sheep": [[138.09859154929578, 181.525, 53.74647887323944, 103.35]], "purge": false, "written": true}, "sheep6-00047.png": {"Creeper": [], "Pig": [], "Zombie": [], "Sheep": [[162.73239436619718, 172.25, 32.098591549295776, 50.35]], "purge": false, "written": true}, "sheep6-00048.png": {"Creeper": [], "Pig": [], "Zombie": [], "Sheep": [[152.28169014084506, 177.54999999999998, 23.887323943661972, 31.799999999999997]], "purge": false,