{"zombie9-00000.png": {"Creeper": [], "Pig": [], "Zombie": [[245.59154929577466, 157.67499999999998, 141.83098591549296, 315.34999999999997]], "Sheep": [], "purge": false, "written": true}, "zombie9-00001.png": {"Creeper": [], "Pig": [], "Zombie": [[285.15492957746477, 170.92499999999998, 61.95774647887324, 284.875]], "Sheep": [], "purge": false, "written": true}, "zombie9-00002.png": {"Creeper": [], "Pig": [], "Zombie": [[131.38028169014083, 251.75, 49.267605633802816, 124.55]], "Sheep": [], "purge": false, "written": true}, "zombie9-00003.png": {"Creeper": [], "Pig": [], "Zombie": [[167.2112676056338, 152.375, 19.408450704225352, 59.625]], "Sheep": [], "purge": false, "written": true}, "zombie9-00004.png": {"Creeper": [], "Pig": [], "Zombie": [[268.7323943661972, 174.9, 24.633802816901408, 55.65]], "Sheep": [], "purge": false, "written": true}, "zombie9-00005.png": {"Creeper": [], "Pig": [], "Zombie": [[255.29577464788733, 201.4, 28.366197183098592, 82.14999999999999]], "Sheep": [], "purge": false, "written": true}, "zombie9-00006.png": {"Creeper": [], "Pig": [], "Zombie": [[240.3661971830986, 210.67499999999998, 31.35211267605634, 102.02499999999999]], "Sheep": [], "purge": false, "written": true}, "zombie9-00007.png": {"Creeper": [], "Pig": [], "Zombie": [[249.32394366197184, 227.9, 61.95774647887324, 160.325]], "Sheep": [], "purge": false, "written": true}, "zombie9-00008.png": {"Creeper": [], "Pig": [], "Zombie": [[123.16901408450704, 166.95, 36.57746478873239, 127.19999999999999]], "Sheep": [], "purge": false, "written": true}, "zombie9-00009.png": {"Creeper": [], "Pig": [], "Zombie": [[166.46478873239437, 160.325, 41.80281690140845, 136.475]], "Sheep": [], "purge": false, "written": true}, "zombie9-00010.png": {"Creeper": [], "Pig": [], "Zombie": [[244.8450704225352, 184.17499999999998, 35.08450704225352, 76.85]], "Sheep": [], "purge": false, "written": true}, "zombie9-00011.png": {"Creeper": [], "Pig": [], "Zombie": [[294.85915492957747, 159.0, 43.29577464788733, 132.5]], "Sheep": [], "purge": false, "written": true}, "zombie9-00012.png": {"Creeper": [], "Pig": [], "Zombie": [[238.8732394366197, 197.42499999999998, 50.014084507042256, 156.35]], "Sheep": [], "purge": false, "written": true}, "zombie9-00013.png": {"Creeper": [], "Pig": [], "Zombie": [[271.71830985915494, 164.29999999999998, 88.83098591549296, 298.125]], "Sheep": [], "purge": false, "written": true}, "zombie9-00014.png": {"Creeper": [], "Pig": [], "Zombie": [], "Sheep": [], "purge": false, "written": false}, "zombie9-00015.png": {"Creeper": [], "Pig": [], "Zombie": [[119.43661971830986, 166.95, 28.366197183098592, 51.675]], "Sheep": [], "purge": false, "written": true}, "zombie9-00016.png": {"Creeper": [], "Pig": [], "Zombie": [[156.01408450704224, 147.075, 18.661971830985916, 30.474999999999998]], "Sheep": [], "purge": false, "written": true}, "zombie9-00017.png": {"Creeper": [], "Pig": [], "Zombie": [], "Sheep": [], "purge": false, "written": false}, "zombie9-00018.png": {"Creeper": [], "Pig": [], "Zombie": [[159.0, 153.7, 13.43661971830986, 35.775]], "Sheep": [], "purge": false, "written": true}, "zombie9-00019.png": {"Creeper": [], "Pig": [], "Zombie": [[200.05633802816902, 168.275, 15.67605633802817, 30.474999999999998]], "Sheep": [], "purge": false, "written": true}, "zombie9-00020.png": {"Creeper": [], "Pig": [], "Zombie": [[244.09859154929578, 162.975, 14.929577464788732, 25.175]], "Sheep": [], "purge": false, "written": true}, "zombie9-00021.png": {"Creeper": [], "Pig": [], "Zombie": [[280.67605633802816, 153.7, 18.661971830985916, 42.4]], "Sheep": [], "purge": false, "written": true}, "zombie9-00022.png": {"Creeper": [], "Pig": [], "Zombie": [[278.4366197183099, 115.27499999999999, 20.901408450704224, 42.4]], "Sheep": [], "purge": false, "written": true}, "zombie9-00023.png": {"Creeper": [], "Pig": [], "Zombie": [[253.05633802816902, 115.27499999999999, 14.929577464788732, 29.15]], "Sheep": [], "purge": false, "written": true}, "zombie9-00024.png": {"Creeper": [], "Pig": [], "Zombie": [[220.2112676056338, 113.95, 11.943661971830986, 18.55]], "Sheep": [], "purge": false, "written": true}, "zombie9-00025.png": {"Creeper": [], "Pig": [], "Zombie": [[173.1830985915493, 125.875, 9.704225352112676, 14.575]], "Sheep": [], "purge": false, "written": true}, "zombie9-00026.png": {"Creeper": [], "Pig": [], "Zombie": [[165.71830985915494, 136.475, 10.450704225352112, 17.224999999999998]], "Sheep": [], "purge": false, "written": true}, "zombie9-00027.png": {"Creeper": [], "Pig": [], "Zombie": [[180.64788732394365, 144.42499999999998, 11.19718309859155, 18.55]], "Sheep": [], "purge": false, "written": true}, "zombie9-00028.png": {"Creeper": [], "Pig": [], "Zombie": [[229.9154929577465, 137.79999999999998, 14.929577464788732, 37.1]], "Sheep": [], "purge": false, "written": true}, "zombie9-00029.png": {"Creeper": [], "Pig": [], "Zombie": [[283.6619718309859, 153.7, 30.6056338028169, 64.925]], "Sheep": [], "purge": false, "written": true}, "zombie9-00030.png": {"Creeper": [], "Pig": [], "Zombie": [[238.8732394366197, 143.1, 34.33802816901409, 88.77499999999999]], "Sheep": [], "purge": false, "written": true}, "zombie9-00031.png": {"Creeper": [], "Pig": [], "Zombie": [[135.11267605633802, 200.075, 42.54929577464789, 98.05]], "Sheep": [], "purge": false, "written": true}, "zombie9-00032.png": {"Creeper": [], "Pig": [], "Zombie": [[90.32394366197182, 176.225, 37.32394366197183, 94.075]], "Sheep": [], "purge": false, "written": true}, "zombie9-00033.png": {"Creeper": [], "Pig": [], "Zombie": [[119.43661971830986, 139.125, 26.87323943661972, 71.55]], "Sheep": [], "purge": false, "written": true}, "zombie9-00034.png": {"Creeper": [], "Pig": [], "Zombie": [[123.91549295774648, 141.775, 19.408450704225352, 50.35]], "Sheep": [], "purge": false, "written": true}, "zombie9-00035.png": {"Creeper": [], "Pig": [], "Zombie": [[117.19718309859155, 129.85, 13.43661971830986, 38.425]], "Sheep": [], "purge": false, "written": true}, "zombie9-00036.png": {"Creeper": [], "Pig": [], "Zombie": [[120.1830985915493, 128.525, 11.19718309859155, 30.474999999999998]], "Sheep": [], "purge": false, "written": true}, "zombie9-00037.png": {"Creeper": [], "Pig": [], "Zombie": [[114.95774647887325, 109.975, 10.450704225352112, 29.15]], "Sheep": [], "purge": false, "written": true}, "zombie9-00038.png": {"Creeper": [], "Pig": [], "Zombie": [[140.33802816901408, 132.5, 9.704225352112676, 22.525]], "Sheep": [], "purge": false, "written": true}, "zombie9-00039.png": {"Creeper": [], "Pig": [], "Zombie": [[163.4788732394366, 151.04999999999998, 8.211267605633802, 23.849999999999998]], "Sheep": [], "purge": false, "written": true}, "zombie9-00040.png": {"Creeper": [], "Pig": [], "Zombie": [[267.98591549295776, 125.875, 15.67605633802817, 27.825]], "Sheep": [], "purge": false, "written": true}, "zombie9-00041.png": {"Creeper": [], "Pig": [], "Zombie": [[239.61971830985917, 83.475, 11.943661971830986, 22.525]], "Sheep": [], "purge": false, "written": true}, "zombie9-00042.png": {"Creeper": [], "Pig": [], "Zombie": [[185.1267605633803, 125.875, 10.450704225352112, 26.5]], "Sheep": [], "purge": false, "written": true}, "zombie9-00043.png": {"Creeper": [], "Pig": [], "Zombie": [[234.3943661971831, 123.225, 14.183098591549296, 33.125]], "Sheep": [], "purge": false, "written": true}, "zombie9-00044.png": {"Creeper": [], "Pig": [], "Zombie": [[114.21126760563381, 156.35, 12.690140845070422, 35.775]], "Sheep": [], "purge": false, "written": true}, "zombie9-00045.png": {"Creeper": [], "Pig": [], "Zombie": [[25.380281690140844, 184.17499999999998, 31.35211267605634, 58.3]], "Sheep": [], "purge": false, "written": true}, "zombie9-00046.png": {"Creeper": [], "Pig": [], "Zombie": [[232.1549295774648, 200.075, 24.633802816901408, 41.074999999999996]], "Sheep": [], "purge": false, "written": true}, "zombie9-00047.png": {"Creeper": [], "Pig": [], "Zombie": [[220.2112676056338, 160.325, 32.098591549295776, 53.0]], "Sheep": [],