{"sheep8-00000.png": {"Creeper": [], "Pig": [], "Zombie": [], "Sheep": [[98.53521126760563, 235.85, 26.87323943661972, 88.77499999999999]], "purge": false, "written": true}, "sheep8-00001.png": {"Creeper": [], "Pig": [], "Zombie": [], "Sheep": [[98.53521126760563, 237.17499999999998, 26.87323943661972, 84.8]], "purge": false, "written": true}, "sheep8-00002.png": {"Creeper": [], "Pig": [], "Zombie": [], "Sheep": [[116.45070422535211, 204.04999999999998, 20.154929577464788, 56.975]], "purge": false, "written": true}, "sheep8-00003.png": {"Creeper": [], "Pig": [], "Zombie": [], "Sheep": [[82.85915492957747, 208.025, 23.140845070422536, 63.599999999999994]], "purge": false, "written": true}, "sheep8-00004.png": {"Creeper": [], "Pig": [], "Zombie": [], "Sheep": [[208.26760563380282, 223.92499999999998, 22.3943661971831, 68.89999999999999]], "purge": false, "written": true}, "sheep8-00005.png": {"Creeper": [], "Pig": [], "Zombie": [], "Sheep": [[263.50704225352115, 253.075, 41.80281690140845, 90.1]], "purge": false, "written": true}, "sheep8-00006.png": {"Creeper": [], "Pig": [], "Zombie": [], "Sheep": [[263.50704225352115, 208.025, 33.59154929577465, 84.8]], "purge": false, "written": true}, "sheep8-00007.png": {"Creeper": [], "Pig": [], "Zombie": [], "Sheep": [[102.26760563380282, 91.425, 26.12676056338028, 71.55]], "purge": false, "written": true}, "sheep8-00008.png": {"Creeper": [], "Pig": [], "Zombie": [], "Sheep": [[47.028169014084504, 83.475, 50.76056338028169, 91.425]], "purge": false, "written": true}, "sheep8-00009.png": {"Creeper": [], "Pig": [], "Zombie": [], "Sheep": [[163.4788732394366, 68.89999999999999, 20.901408450704224, 68.89999999999999]], "purge": false, "written": true}, "sheep8-00010.png": {"Creeper": [], "Pig": [], "Zombie": [], "Sheep": [[200.80281690140845, 119.25, 60.46478873239437, 117.925]], "purge": false, "written": true}, "sheep8-00011.png": {"Creeper": [], "Pig": [], "Zombie": [], "Sheep": [[179.1549295774648, 168.275, 113.46478873239437, 209.35]], "purge": false, "written": true}, "sheep8-00012.png": {"Creeper": [], "Pig": [], "Zombie": [], "Sheep": [[153.0281690140845, 125.875, 44.7887323943662, 79.5]], "purge": false, "written": true}, "sheep8-00013.png": {"Creeper": [], "Pig": [], "Zombie": [], "Sheep": [[182.88732394366198, 116.6, 29.112676056338028, 35.775]], "purge": false, "written": true}, "sheep8-00014.png": {"Creeper": [], "Pig": [], "Zombie": [], "Sheep": [[170.19718309859155, 145.75, 25.380281690140844, 42.4]], "purge": false, "written": true}, "sheep8-00015.png": {"Creeper": [], "Pig": [], "Zombie": [], "Sheep": [[55.985915492957744, 151.04999999999998, 38.816901408450704, 47.699999999999996]], "purge": false, "written": true}, "sheep8-00016.png": {"Creeper": [], "Pig": [], "Zombie": [], "Sheep": [[54.49295774647887, 95.39999999999999, 39.563380281690144, 49.025]], "purge": false, "written": true}, "sheep8-00017.png": {"Creeper": [], "Pig": [], "Zombie": [], "Sheep": [[137.35211267605635, 113.95, 17.91549295774648, 29.15]], "purge": false, "written": true}, "sheep8-00018.png": {"Creeper": [], "Pig": [], "Zombie": [], "Sheep": [[156.7605633802817, 120.575, 9.704225352112676, 22.525]], "purge": false, "written": true}, "sheep8-00019.png": {"Creeper": [], "Pig": [], "Zombie": [], "Sheep": [[152.28169014084506, 120.575, 14.929577464788732, 25.175]], "purge": false, "written": true}, "sheep8-00020.png": {"Creeper": [], "Pig": [], "Zombie": [], "Sheep": [[167.95774647887325, 156.35, 17.91549295774648, 55.65]], "purge": false, "written": true}, "sheep8-00021.png": {"Creeper": [], "Pig": [], "Zombie": [], "Sheep": [[83.6056338028169, 128.525, 25.380281690140844, 56.975]], "purge": false, "written": true}, "sheep8-00022.png": {"Creeper": [], "Pig": [], "Zombie": [], "Sheep": [[118.69014084507042, 205.375, 42.54929577464789, 133.825]], "purge": false, "written": true}, "sheep8-00023.png": {"Creeper": [], "Pig": [], "Zombie": [], "Sheep": [[191.8450704225352, 237.17499999999998, 42.54929577464789, 149.725]], "purge": false, "written": true}, "sheep8-00024.png": {"Creeper": [], "Pig": [], "Zombie": [], "Sheep": [], "purge": false, "written": false}, "sheep8-00025.png": {"Creeper": [], "Pig": [], "Zombie": [], "Sheep": [[209.7605633802817, 128.525, 35.83098591549296, 55.65]], "purge": false, "written": true}, "sheep8-00026.png": {"Creeper": [], "Pig": [], "Zombie": [], "Sheep": [[179.1549295774648, 148.4, 26.12676056338028, 60.949999999999996]], "purge": false, "written": true}, "sheep8-00027.png": {"Creeper": [], "Pig": [], "Zombie": [], "Sheep": [[138.09859154929578, 204.04999999999998, 23.140845070422536, 71.55]], "purge": false, "written": true}, "sheep8-00028.png": {"Creeper": [], "Pig": [], "Zombie": [], "Sheep": [[179.1549295774648, 144.42499999999998, 29.112676056338028, 23.849999999999998]], "purge": false, "written": true}, "sheep8-00029.png": {"Creeper": [], "Pig": [], "Zombie": [], "Sheep": [[228.42253521126761, 197.42499999999998, 38.816901408450704, 39.75]], "purge": false, "written": true}, "sheep8-00030.png": {"Creeper": [], "Pig": [], "Zombie": [], "Sheep": [[223.19718309859155, 226.575, 37.32394366197183, 72.875]], "purge": false, "written": true}, "sheep8-00031.png": {"Creeper": [], "Pig": [], "Zombie": [], "Sheep": [[151.53521126760563, 200.075, 22.3943661971831, 60.949999999999996]], "purge": false, "written": true}, "sheep8-00032.png": {"Creeper": [], "Pig": [], "Zombie": [], "Sheep": [[179.90140845070422, 192.125, 22.3943661971831, 62.275]], "purge": false, "written": true}, "sheep8-00033.png": {"Creeper": [], "Pig": [], "Zombie": [], "Sheep": [], "purge": false, "written": false}, "sheep8-00034.png": {"Creeper": [], "Pig": [], "Zombie": [], "Sheep": [[175.42253521126761, 131.17499999999998, 23.887323943661972, 70.225]], "purge": false, "written": true}, "sheep8-00035.png": {"Creeper": [], "Pig": [], "Zombie": [], "Sheep": [[179.1549295774648, 112.625, 41.80281690140845, 76.85]], "purge": false, "written": true}, "sheep8-00036.png": {"Creeper": [], "Pig": [], "Zombie": [], "Sheep": [[192.59154929577466, 176.225, 28.366197183098592, 76.85]], "purge": false, "written": true}, "sheep8-00037.png": {"Creeper": [], "Pig": [], "Zombie": [], "Sheep": [[143.32394366197184, 162.975, 18.661971830985916, 78.175]], "purge": false, "written": true}, "sheep8-00038.png": {"Creeper": [], "Pig": [], "Zombie": [], "Sheep": [[138.8450704225352, 190.79999999999998, 40.309859154929576, 68.89999999999999]], "purge": false, "written": true}, "sheep8-00039.png": {"Creeper": [], "Pig": [], "Zombie": [], "Sheep": [[138.8450704225352, 173.575, 35.83098591549296, 92.75]], "purge": false, "written": true}, "sheep8-00040.png": {"Creeper": [], "Pig": [], "Zombie": [], "Sheep": [[175.42253521126761, 166.95, 32.84507042253521, 47.699999999999996]], "purge": false, "written": true}, "sheep8-00041.png": {"Creeper": [], "Pig": [], "Zombie": [], "Sheep": [[215.73239436619718, 168.275, 19.408450704225352, 27.825]], "purge": false, "written": true}, "sheep8-00042.png": {"Creeper": [], "Pig": [], "Zombie": [], "Sheep": [], "purge": [], "written": []}, "sheep8-00043.png": {"Creeper": [], "Pig": [], "Zombie": [], "Sheep": [[190.35211267605635, 172.25, 26.87323943661972, 58.3]], "purge": false, "written": true}, "sheep8-00044.png": {"Creeper": [], "Pig": [], "Zombie": [], "Sheep": [[242.6056338028169, 218.625, 53.74647887323944, 121.89999999999999]], "purge": false, "written": true}, "sheep8-00045.png": {"Creeper": [], "Pig": [], "Zombie": [], "Sheep": [[214.2394366197183, 168.275, 35.08450704225352, 90.1]], "purge": false, "written": true}, "sheep8-00046.png": {"Creeper": [], "Pig": [], "Zombie": [], "Sheep": [[161.2394366197183, 159.0, 24.633802816901408, 91.425]], "purge": false, "written": true}, "sheep8-00047.png": {"Creeper": [], "Pig": [], "Zombie": [], "Sheep": [[161.98591549295776, 160.325, 25.380281690140844, 91.425]], "purge": false, "written": true}, "sheep8-00048.png": {"Creeper": [], "Pig": [], "Zombie": [],