{"zombie2-00000.png": {"Creeper": [], "Pig": [], "Zombie": [[143.32394366197184, 186.825, 39.563380281690144, 139.125]], "Sheep": [], "purge": false, "written": true}, "zombie2-00001.png": {"Creeper": [], "Pig": [], "Zombie": [[142.57746478873239, 188.15, 39.563380281690144, 139.125]], "Sheep": [], "purge": false, "written": true}, "zombie2-00002.png": {"Creeper": [], "Pig": [], "Zombie": [[181.3943661971831, 243.79999999999998, 42.54929577464789, 141.775]], "Sheep": [], "purge": false, "written": true}, "zombie2-00003.png": {"Creeper": [], "Pig": [], "Zombie": [[191.8450704225352, 140.45, 65.69014084507042, 202.725]], "Sheep": [], "purge": false, "written": true}, "zombie2-00004.png": {"Creeper": [], "Pig": [], "Zombie": [[153.0281690140845, 124.55, 28.366197183098592, 78.175]], "Sheep": [], "purge": false, "written": true}, "zombie2-00005.png": {"Creeper": [], "Pig": [], "Zombie": [[165.71830985915494, 135.15, 17.91549295774648, 49.025]], "Sheep": [], "purge": false, "written": true}, "zombie2-00006.png": {"Creeper": [], "Pig": [], "Zombie": [[212.0, 108.64999999999999, 22.3943661971831, 62.275]], "Sheep": [], "purge": false, "written": true}, "zombie2-00007.png": {"Creeper": [], "Pig": [], "Zombie": [[156.7605633802817, 180.2, 26.12676056338028, 78.175]], "Sheep": [], "purge": false, "written": true}, "zombie2-00008.png": {"Creeper": [], "Pig": [], "Zombie": [[145.56338028169014, 202.725, 29.859154929577464, 109.975]], "Sheep": [], "purge": false, "written": true}, "zombie2-00009.png": {"Creeper": [], "Pig": [], "Zombie": [[148.5492957746479, 189.475, 19.408450704225352, 72.875]], "Sheep": [], "purge": false, "written": true}, "zombie2-00010.png": {"Creeper": [], "Pig": [], "Zombie": [[179.90140845070422, 230.54999999999998, 18.661971830985916, 75.52499999999999]], "Sheep": [], "purge": false, "written": true}, "zombie2-00011.png": {"Creeper": [], "Pig": [], "Zombie": [[166.46478873239437, 189.475, 20.154929577464788, 64.925]], "Sheep": [], "purge": false, "written": true}, "zombie2-00012.png": {"Creeper": [], "Pig": [], "Zombie": [], "Sheep": [], "purge": false, "written": false}, "zombie2-00013.png": {"Creeper": [], "Pig": [], "Zombie": [], "Sheep": [], "purge": [], "written": []}, "zombie2-00014.png": {"Creeper": [], "Pig": [], "Zombie": [[148.5492957746479, 152.375, 20.154929577464788, 71.55]], "Sheep": [], "purge": false, "written": true}, "zombie2-00015.png": {"Creeper": [], "Pig": [], "Zombie": [[164.22535211267606, 160.325, 23.887323943661972, 79.5]], "Sheep": [], "purge": false, "written": true}, "zombie2-00016.png": {"Creeper": [], "Pig": [], "Zombie": [[209.7605633802817, 174.9, 30.6056338028169, 106.0]], "Sheep": [], "purge": false, "written": true}, "zombie2-00017.png": {"Creeper": [], "Pig": [], "Zombie": [[192.59154929577466, 160.325, 23.140845070422536, 72.875]], "Sheep": [], "purge": false, "written": true}, "zombie2-00018.png": {"Creeper": [], "Pig": [], "Zombie": [[238.8732394366197, 141.775, 38.070422535211264, 96.725]], "Sheep": [], "purge": false, "written": true}, "zombie2-00019.png": {"Creeper": [], "Pig": [], "Zombie": [[203.04225352112675, 132.5, 31.35211267605634, 88.77499999999999]], "Sheep": [], "purge": false, "written": true}, "zombie2-00020.png": {"Creeper": [], "Pig": [], "Zombie": [[263.50704225352115, 173.575, 58.971830985915496, 116.6]], "Sheep": [], "purge": false, "written": true}, "zombie2-00021.png": {"Creeper": [], "Pig": [], "Zombie": [[190.35211267605635, 124.55, 29.112676056338028, 90.1]], "Sheep": [], "purge": false, "written": true}, "zombie2-00022.png": {"Creeper": [], "Pig": [], "Zombie": [[150.7887323943662, 83.475, 35.08450704225352, 112.625]], "Sheep": [], "purge": false, "written": true}, "zombie2-00023.png": {"Creeper": [], "Pig": [], "Zombie": [[143.32394366197184, 145.75, 33.59154929577465, 115.27499999999999]], "Sheep": [], "purge": false, "written": true}, "zombie2-00024.png": {"Creeper": [], "Pig": [], "Zombie": [[206.77464788732394, 155.025, 50.76056338028169, 139.125]], "Sheep": [], "purge": false, "written": true}, "zombie2-00025.png": {"Creeper": [], "Pig": [], "Zombie": [[256.0422535211268, 115.27499999999999, 47.774647887323944, 137.79999999999998]], "Sheep": [], "purge": false, "written": true}, "zombie2-00026.png": {"Creeper": [], "Pig": [], "Zombie": [[270.9718309859155, 215.975, 53.74647887323944, 119.25]], "Sheep": [], "purge": false, "written": true}, "zombie2-00027.png": {"Creeper": [], "Pig": [], "Zombie": [[203.7887323943662, 151.04999999999998, 25.380281690140844, 70.225]], "Sheep": [], "purge": false, "written": true}, "zombie2-00028.png": {"Creeper": [], "Pig": [], "Zombie": [[74.64788732394366, 189.475, 32.098591549295776, 79.5]], "Sheep": [], "purge": false, "written": true}, "zombie2-00029.png": {"Creeper": [], "Pig": [], "Zombie": [[112.71830985915493, 153.7, 19.408450704225352, 51.675]], "Sheep": [], "purge": false, "written": true}, "zombie2-00030.png": {"Creeper": [], "Pig": [], "Zombie": [[138.09859154929578, 148.4, 16.422535211267604, 51.675]], "Sheep": [], "purge": false, "written": true}, "zombie2-00031.png": {"Creeper": [], "Pig": [], "Zombie": [[229.16901408450704, 95.39999999999999, 23.140845070422536, 56.975]], "Sheep": [], "purge": false, "written": true}, "zombie2-00032.png": {"Creeper": [], "Pig": [], "Zombie": [[265.7464788732394, 70.225, 28.366197183098592, 60.949999999999996]], "Sheep": [], "purge": false, "written": true}, "zombie2-00033.png": {"Creeper": [], "Pig": [], "Zombie": [[185.1267605633803, 136.475, 12.690140845070422, 39.75]], "Sheep": [], "purge": false, "written": true}, "zombie2-00034.png": {"Creeper": [], "Pig": [], "Zombie": [[176.9154929577465, 160.325, 12.690140845070422, 34.449999999999996]], "Sheep": [], "purge": false, "written": true}, "zombie2-00035.png": {"Creeper": [], "Pig": [], "Zombie": [[191.8450704225352, 141.775, 11.943661971830986, 33.125]], "Sheep": [], "purge": false, "written": true}, "zombie2-00036.png": {"Creeper": [], "Pig": [], "Zombie": [[190.35211267605635, 169.6, 10.450704225352112, 35.775]], "Sheep": [], "purge": false, "written": true}, "zombie2-00037.png": {"Creeper": [], "Pig": [], "Zombie": [[185.8732394366197, 156.35, 11.943661971830986, 25.175]], "Sheep": [], "purge": false, "written": true}, "zombie2-00038.png": {"Creeper": [], "Pig": [], "Zombie": [[169.45070422535213, 156.35, 11.19718309859155, 38.425]], "Sheep": [], "purge": false, "written": true}, "zombie2-00039.png": {"Creeper": [], "Pig": [], "Zombie": [], "Sheep": [], "purge": [], "written": []}, "zombie2-00040.png": {"Creeper": [], "Pig": [], "Zombie": [[127.64788732394366, 173.575, 19.408450704225352, 56.975]], "Sheep": [], "purge": false, "written": true}, "zombie2-00041.png": {"Creeper": [], "Pig": [], "Zombie": [[66.43661971830986, 204.04999999999998, 38.070422535211264, 106.0]], "Sheep": [], "purge": false, "written": true}, "zombie2-00042.png": {"Creeper": [], "Pig": [], "Zombie": [[71.66197183098592, 135.15, 44.04225352112676, 115.27499999999999]], "Sheep": [], "purge": false, "written": true}, "zombie2-00043.png": {"Creeper": [], "Pig": [], "Zombie": [[82.11267605633803, 182.85, 38.070422535211264, 113.95]], "Sheep": [], "purge": false, "written": true}, "zombie2-00044.png": {"Creeper": [], "Pig": [], "Zombie": [[101.52112676056338, 174.9, 23.887323943661972, 71.55]], "Sheep": [], "purge": false, "written": true}, "zombie2-00045.png": {"Creeper": [], "Pig": [], "Zombie": [[114.95774647887325, 210.67499999999998, 20.901408450704224, 71.55]], "Sheep": [], "purge": false, "written": true}, "zombie2-00046.png": {"Creeper": [], "Pig": [], "Zombie": [[144.07042253521126, 161.65, 14.929577464788732, 58.3]], "Sheep": [], "purge": false, "written": true}, "zombie2-00047.png": {"Creeper": [], "Pig": [], "Zombie": [[178.40845070422534, 139.125, 14.183098591549296, 41.074999999999996]], "Sheep": [], "purge": false, "written": true}, "zombie2-00048.png": {"Creeper": [], "Pig": [], "Zombie": [], "Sheep": [], "purge": [], "written": []},