{"zombie5-00000.png": {"Creeper": [], "Pig": [], "Zombie": [[144.07042253521126, 159.0, 41.80281690140845, 144.42499999999998]], "Sheep": [], "purge": false, "written": true}, "zombie5-00001.png": {"Creeper": [], "Pig": [], "Zombie": [[143.32394366197184, 159.0, 40.309859154929576, 144.42499999999998]], "Sheep": [], "purge": false, "written": true}, "zombie5-00002.png": {"Creeper": [], "Pig": [], "Zombie": [[161.2394366197183, 157.67499999999998, 38.816901408450704, 141.775]], "Sheep": [], "purge": false, "written": true}, "zombie5-00003.png": {"Creeper": [], "Pig": [], "Zombie": [[141.08450704225353, 113.95, 47.028169014084504, 149.725]], "Sheep": [], "purge": false, "written": true}, "zombie5-00004.png": {"Creeper": [], "Pig": [], "Zombie": [[62.70422535211268, 33.125, 85.84507042253522, 66.25]], "Sheep": [], "purge": false, "written": true}, "zombie5-00005.png": {"Creeper": [], "Pig": [], "Zombie": [[165.71830985915494, 120.575, 27.619718309859156, 66.25]], "Sheep": [], "purge": false, "written": true}, "zombie5-00006.png": {"Creeper": [], "Pig": [], "Zombie": [[208.26760563380282, 79.5, 29.112676056338028, 72.875]], "Sheep": [], "purge": false, "written": true}, "zombie5-00007.png": {"Creeper": [], "Pig": [], "Zombie": [[219.46478873239437, 104.675, 33.59154929577465, 71.55]], "Sheep": [], "purge": false, "written": true}, "zombie5-00008.png": {"Creeper": [], "Pig": [], "Zombie": [[241.85915492957747, 127.19999999999999, 47.774647887323944, 87.45]], "Sheep": [], "purge": false, "written": true}, "zombie5-00009.png": {"Creeper": [], "Pig": [], "Zombie": [[177.66197183098592, 111.3, 41.056338028169016, 111.3]], "Sheep": [], "purge": false, "written": true}, "zombie5-00010.png": {"Creeper": [], "Pig": [], "Zombie": [[209.7605633802817, 178.875, 129.14084507042253, 270.3]], "Sheep": [], "purge": false, "written": true}, "zombie5-00011.png": {"Creeper": [], "Pig": [], "Zombie": [[172.43661971830986, 136.475, 26.12676056338028, 104.675]], "Sheep": [], "purge": false, "written": true}, "zombie5-00012.png": {"Creeper": [], "Pig": [], "Zombie": [[130.6338028169014, 162.975, 24.633802816901408, 94.075]], "Sheep": [], "purge": false, "written": true}, "zombie5-00013.png": {"Creeper": [], "Pig": [], "Zombie": [[67.92957746478874, 217.29999999999998, 29.112676056338028, 125.875]], "Sheep": [], "purge": false, "written": true}, "zombie5-00014.png": {"Creeper": [], "Pig": [], "Zombie": [[193.33802816901408, 145.75, 23.887323943661972, 86.125]], "Sheep": [], "purge": false, "written": true}, "zombie5-00015.png": {"Creeper": [], "Pig": [], "Zombie": [[176.9154929577465, 193.45, 29.859154929577464, 87.45]], "Sheep": [], "purge": false, "written": true}, "zombie5-00016.png": {"Creeper": [], "Pig": [], "Zombie": [[81.36619718309859, 223.92499999999998, 38.070422535211264, 100.7]], "Sheep": [], "purge": false, "written": true}, "zombie5-00017.png": {"Creeper": [], "Pig": [], "Zombie": [[188.85915492957747, 157.67499999999998, 21.647887323943664, 79.5]], "Sheep": [], "purge": false, "written": true}, "zombie5-00018.png": {"Creeper": [], "Pig": [], "Zombie": [[198.56338028169014, 164.29999999999998, 17.91549295774648, 62.275]], "Sheep": [], "purge": false, "written": true}, "zombie5-00019.png": {"Creeper": [], "Pig": [], "Zombie": [[238.8732394366197, 170.92499999999998, 24.633802816901408, 66.25]], "Sheep": [], "purge": false, "written": true}, "zombie5-00020.png": {"Creeper": [], "Pig": [], "Zombie": [[55.23943661971831, 159.0, 33.59154929577465, 67.575]], "Sheep": [], "purge": false, "written": true}, "zombie5-00021.png": {"Creeper": [], "Pig": [], "Zombie": [[87.33802816901408, 129.85, 21.647887323943664, 37.1]], "Sheep": [], "purge": false, "written": true}, "zombie5-00022.png": {"Creeper": [], "Pig": [], "Zombie": [[175.42253521126761, 278.25, 20.154929577464788, 74.2]], "Sheep": [], "purge": false, "written": true}, "zombie5-00023.png": {"Creeper": [], "Pig": [], "Zombie": [[156.01408450704224, 153.7, 18.661971830985916, 53.0]], "Sheep": [], "purge": false, "written": true}, "zombie5-00024.png": {"Creeper": [], "Pig": [], "Zombie": [[150.04225352112675, 159.0, 25.380281690140844, 49.025]], "Sheep": [], "purge": false, "written": true}, "zombie5-00025.png": {"Creeper": [], "Pig": [], "Zombie": [], "Sheep": [], "purge": false, "written": false}, "zombie5-00026.png": {"Creeper": [], "Pig": [], "Zombie": [[137.35211267605635, 230.54999999999998, 114.95774647887325, 166.95]], "Sheep": [], "purge": false, "written": true}, "zombie5-00027.png": {"Creeper": [], "Pig": [], "Zombie": [], "Sheep": [], "purge": [], "written": []}, "zombie5-00028.png": {"Creeper": [], "Pig": [], "Zombie": [[175.42253521126761, 156.35, 138.09859154929578, 314.025]], "Sheep": [], "purge": false, "written": true}, "zombie5-00029.png": {"Creeper": [], "Pig": [], "Zombie": [[149.29577464788733, 128.525, 54.49295774647887, 180.2]], "Sheep": [], "purge": false, "written": true}, "zombie5-00030.png": {"Creeper": [], "Pig": [], "Zombie": [[123.91549295774648, 178.875, 82.85915492957747, 270.3]], "Sheep": [], "purge": false, "written": true}, "zombie5-00031.png": {"Creeper": [], "Pig": [], "Zombie": [[156.01408450704224, 219.95, 43.29577464788733, 92.75]], "Sheep": [], "purge": false, "written": true}, "zombie5-00032.png": {"Creeper": [], "Pig": [], "Zombie": [[165.71830985915494, 149.725, 20.154929577464788, 55.65]], "Sheep": [], "purge": false, "written": true}, "zombie5-00033.png": {"Creeper": [], "Pig": [], "Zombie": [[161.98591549295776, 155.025, 11.19718309859155, 33.125]], "Sheep": [], "purge": false, "written": true}, "zombie5-00034.png": {"Creeper": [], "Pig": [], "Zombie": [[170.19718309859155, 166.95, 10.450704225352112, 29.15]], "Sheep": [], "purge": false, "written": true}, "zombie5-00035.png": {"Creeper": [], "Pig": [], "Zombie": [[232.90140845070422, 172.25, 14.929577464788732, 35.775]], "Sheep": [], "purge": false, "written": true}, "zombie5-00036.png": {"Creeper": [], "Pig": [], "Zombie": [[164.22535211267606, 128.525, 11.19718309859155, 35.775]], "Sheep": [], "purge": false, "written": true}, "zombie5-00037.png": {"Creeper": [], "Pig": [], "Zombie": [], "Sheep": [], "purge": [], "written": []}, "zombie5-00038.png": {"Creeper": [], "Pig": [], "Zombie": [[130.6338028169014, 117.925, 11.943661971830986, 42.4]], "Sheep": [], "purge": false, "written": true}, "zombie5-00039.png": {"Creeper": [], "Pig": [], "Zombie": [[165.71830985915494, 164.29999999999998, 16.422535211267604, 38.425]], "Sheep": [], "purge": false, "written": true}, "zombie5-00040.png": {"Creeper": [], "Pig": [], "Zombie": [[176.16901408450704, 157.67499999999998, 11.19718309859155, 23.849999999999998]], "Sheep": [], "purge": false, "written": true}, "zombie5-00041.png": {"Creeper": [], "Pig": [], "Zombie": [[176.9154929577465, 113.95, 18.661971830985916, 34.449999999999996]], "Sheep": [], "purge": false, "written": true}, "zombie5-00042.png": {"Creeper": [], "Pig": [], "Zombie": [[134.3661971830986, 205.375, 23.140845070422536, 42.4]], "Sheep": [], "purge": false, "written": true}, "zombie5-00043.png": {"Creeper": [], "Pig": [], "Zombie": [[114.95774647887325, 222.6, 32.84507042253521, 54.324999999999996]], "Sheep": [], "purge": false, "written": true}, "zombie5-00044.png": {"Creeper": [], "Pig": [], "Zombie": [[120.92957746478874, 176.225, 37.32394366197183, 71.55]], "Sheep": [], "purge": false, "written": true}, "zombie5-00045.png": {"Creeper": [], "Pig": [], "Zombie": [[111.97183098591549, 153.7, 82.11267605633803, 219.95]], "Sheep": [], "purge": false, "written": true}, "zombie5-00046.png": {"Creeper": [], "Pig": [], "Zombie": [[182.14084507042253, 169.6, 60.46478873239437, 233.2]], "Sheep": [], "purge": false, "written": true}, "zombie5-00047.png": {"Creeper": [], "Pig": [], "Zombie": [[150.04225352112675, 151.04999999999998, 26.87323943661972, 71.55]], "Sheep": [], "purge": false, "written": true}, "zombie5-00048.png": {"Creeper": [], "Pig": [],