{"pig6-00000.png": {"Creeper": [], "Pig": [[208.26760563380282, 151.04999999999998, 123.16901408450704, 132.5]], "Zombie": [], "Sheep": [], "purge": false, "written": true}, "pig6-00001.png": {"Creeper": [], "Pig": [[202.29577464788733, 149.725, 111.97183098591549, 136.475]], "Zombie": [], "Sheep": [], "purge": false, "written": true}, "pig6-00002.png": {"Creeper": [], "Pig": [[188.85915492957747, 153.7, 64.94366197183099, 141.775]], "Zombie": [], "Sheep": [], "purge": false, "written": true}, "pig6-00003.png": {"Creeper": [], "Pig": [[247.08450704225353, 217.29999999999998, 117.94366197183099, 177.54999999999998]], "Zombie": [], "Sheep": [], "purge": false, "written": true}, "pig6-00004.png": {"Creeper": [], "Pig": [], "Zombie": [], "Sheep": [], "purge": false, "written": false}, "pig6-00005.png": {"Creeper": [], "Pig": [[204.53521126760563, 159.0, 30.6056338028169, 54.324999999999996]], "Zombie": [], "Sheep": [], "purge": false, "written": true}, "pig6-00006.png": {"Creeper": [], "Pig": [[146.30985915492957, 136.475, 10.450704225352112, 27.825]], "Zombie": [], "Sheep": [], "purge": false, "written": true}, "pig6-00007.png": {"Creeper": [], "Pig": [[139.59154929577466, 129.85, 8.211267605633802, 19.875]], "Zombie": [], "Sheep": [], "purge": false, "written": true}, "pig6-00008.png": {"Creeper": [], "Pig": [[144.07042253521126, 129.85, 8.211267605633802, 19.875]], "Zombie": [], "Sheep": [], "purge": false, "written": true}, "pig6-00009.png": {"Creeper": [], "Pig": [[142.57746478873239, 127.19999999999999, 7.464788732394366, 17.224999999999998]], "Zombie": [], "Sheep": [], "purge": false, "written": true}, "pig6-00010.png": {"Creeper": [], "Pig": [[175.42253521126761, 152.375, 12.690140845070422, 19.875]], "Zombie": [], "Sheep": [], "purge": false, "written": true}, "pig6-00011.png": {"Creeper": [], "Pig": [[183.6338028169014, 153.7, 16.422535211267604, 21.2]], "Zombie": [], "Sheep": [], "purge": false, "written": true}, "pig6-00012.png": {"Creeper": [], "Pig": [[167.2112676056338, 153.7, 12.690140845070422, 19.875]], "Zombie": [], "Sheep": [], "purge": false, "written": true}, "pig6-00013.png": {"Creeper": [], "Pig": [[165.71830985915494, 172.25, 14.183098591549296, 18.55]], "Zombie": [], "Sheep": [], "purge": false, "written": true}, "pig6-00014.png": {"Creeper": [], "Pig": [[156.7605633802817, 188.15, 14.929577464788732, 21.2]], "Zombie": [], "Sheep": [], "purge": false, "written": true}, "pig6-00015.png": {"Creeper": [], "Pig": [[141.08450704225353, 202.725, 16.422535211267604, 23.849999999999998]], "Zombie": [], "Sheep": [], "purge": false, "written": true}, "pig6-00016.png": {"Creeper": [], "Pig": [[143.32394366197184, 205.375, 16.422535211267604, 27.825]], "Zombie": [], "Sheep": [], "purge": false, "written": true}, "pig6-00017.png": {"Creeper": [], "Pig": [[172.43661971830986, 202.725, 15.67605633802817, 30.474999999999998]], "Zombie": [], "Sheep": [], "purge": false, "written": true}, "pig6-00018.png": {"Creeper": [], "Pig": [[266.49295774647885, 274.275, 26.12676056338028, 51.675]], "Zombie": [], "Sheep": [], "purge": false, "written": true}, "pig6-00019.png": {"Creeper": [], "Pig": [[236.6338028169014, 229.225, 17.91549295774648, 37.1]], "Zombie": [], "Sheep": [], "purge": false, "written": true}, "pig6-00020.png": {"Creeper": [], "Pig": [[87.33802816901408, 115.27499999999999, 21.647887323943664, 26.5]], "Zombie": [], "Sheep": [], "purge": false, "written": true}, "pig6-00021.png": {"Creeper": [], "Pig": [[26.87323943661972, 34.449999999999996, 38.816901408450704, 38.425]], "Zombie": [], "Sheep": [], "purge": false, "written": true}, "pig6-00022.png": {"Creeper": [], "Pig": [[164.22535211267606, 35.775, 16.422535211267604, 26.5]], "Zombie": [], "Sheep": [], "purge": false, "written": true}, "pig6-00023.png": {"Creeper": [], "Pig": [[287.3943661971831, 112.625, 28.366197183098592, 30.474999999999998]], "Zombie": [], "Sheep": [], "purge": false, "written": true}, "pig6-00024.png": {"Creeper": [], "Pig": [[306.056338028169, 254.39999999999998, 20.154929577464788, 37.1]], "Zombie": [], "Sheep": [], "purge": false, "written": true}, "pig6-00025.png": {"Creeper": [], "Pig": [[205.28169014084506, 176.225, 13.43661971830986, 30.474999999999998]], "Zombie": [], "Sheep": [], "purge": false, "written": true}, "pig6-00026.png": {"Creeper": [], "Pig": [[126.15492957746478, 141.775, 19.408450704225352, 45.05]], "Zombie": [], "Sheep": [], "purge": false, "written": true}, "pig6-00027.png": {"Creeper": [], "Pig": [[45.53521126760563, 47.699999999999996, 91.8169014084507, 96.725]], "Zombie": [], "Sheep": [], "purge": false, "written": true}, "pig6-00028.png": {"Creeper": [], "Pig": [[51.50704225352113, 83.475, 103.7605633802817, 120.575]], "Zombie": [], "Sheep": [], "purge": false, "written": true}, "pig6-00029.png": {"Creeper": [], "Pig": [[11.19718309859155, 43.725, 22.3943661971831, 88.77499999999999]], "Zombie": [], "Sheep": [], "purge": false, "written": true}, "pig6-00030.png": {"Creeper": [], "Pig": [[42.54929577464789, 204.04999999999998, 76.88732394366197, 82.14999999999999]], "Zombie": [], "Sheep": [], "purge": false, "written": true}, "pig6-00031.png": {"Creeper": [], "Pig": [[157.50704225352112, 166.95, 32.098591549295776, 46.375]], "Zombie": [], "Sheep": [], "purge": false, "written": true}, "pig6-00032.png": {"Creeper": [], "Pig": [[197.81690140845072, 139.125, 23.140845070422536, 30.474999999999998]], "Zombie": [], "Sheep": [], "purge": false, "written": true}, "pig6-00033.png": {"Creeper": [], "Pig": [[210.50704225352112, 133.825, 14.929577464788732, 18.55]], "Zombie": [], "Sheep": [], "purge": false, "written": true}, "pig6-00034.png": {"Creeper": [], "Pig": [[145.56338028169014, 112.625, 12.690140845070422, 17.224999999999998]], "Zombie": [], "Sheep": [], "purge": false, "written": true}, "pig6-00035.png": {"Creeper": [], "Pig": [[142.57746478873239, 145.75, 8.95774647887324, 17.224999999999998]], "Zombie": [], "Sheep": [], "purge": false, "written": true}, "pig6-00036.png": {"Creeper": [], "Pig": [[238.8732394366197, 218.625, 18.661971830985916, 25.175]], "Zombie": [], "Sheep": [], "purge": false, "written": true}, "pig6-00037.png": {"Creeper": [], "Pig": [[279.1830985915493, 279.575, 27.619718309859156, 30.474999999999998]], "Zombie": [], "Sheep": [], "purge": false, "written": true}, "pig6-00038.png": {"Creeper": [], "Pig": [[138.8450704225352, 255.725, 16.422535211267604, 22.525]], "Zombie": [], "Sheep": [], "purge": false, "written": true}, "pig6-00039.png": {"Creeper": [], "Pig": [[63.45070422535211, 267.65, 21.647887323943664, 23.849999999999998]], "Zombie": [], "Sheep": [], "purge": false, "written": true}, "pig6-00040.png": {"Creeper": [], "Pig": [[87.33802816901408, 116.6, 11.943661971830986, 22.525]], "Zombie": [], "Sheep": [], "purge": false, "written": true}, "pig6-00041.png": {"Creeper": [], "Pig": [[68.67605633802818, 26.5, 21.647887323943664, 23.849999999999998]], "Zombie": [], "Sheep": [], "purge": false, "written": true}, "pig6-00042.png": {"Creeper": [], "Pig": [[196.32394366197184, 11.924999999999999, 17.91549295774648, 25.175]], "Zombie": [], "Sheep": [], "purge": false, "written": true}, "pig6-00043.png": {"Creeper": [], "Pig": [[287.3943661971831, 64.925, 32.84507042253521, 29.15]], "Zombie": [], "Sheep": [], "purge": false, "written": true}, "pig6-00044.png": {"Creeper": [], "Pig": [[66.43661971830986, 42.4, 24.633802816901408, 29.15]], "Zombie": [], "Sheep": [], "purge": false, "written": true}, "pig6-00045.png": {"Creeper": [], "Pig": [[84.35211267605634, 56.975, 24.633802816901408, 30.474999999999998]], "Zombie": [], "Sheep": [], "purge": false, "written": true}, "pig6-00046.png": {"Creeper": [], "Pig": [[167.95774647887325, 120.575, 13.43661971830986, 22.525]], "Zombie": [], "Sheep": [], "purge": false, "written": true}, "pig6-00047.png": {"Creeper": [], "Pig": [], "Zombie": [], "Sheep": [], "purge": false, "written": false}, "pig6-00048.png": {"Creeper": [],