{"sheep2-00000.png": {"Creeper": [], "Pig": [], "Zombie": [], "Sheep": [[173.92957746478874, 190.79999999999998, 27.619718309859156, 68.89999999999999]], "purge": false, "written": true}, "sheep2-00001.png": {"Creeper": [], "Pig": [], "Zombie": [], "Sheep": [[182.88732394366198, 165.625, 16.422535211267604, 46.375]], "purge": false, "written": true}, "sheep2-00002.png": {"Creeper": [], "Pig": [], "Zombie": [], "Sheep": [[198.56338028169014, 123.225, 14.929577464788732, 41.074999999999996]], "purge": false, "written": true}, "sheep2-00003.png": {"Creeper": [], "Pig": [], "Zombie": [], "Sheep": [[201.5492957746479, 190.79999999999998, 37.32394366197183, 82.14999999999999]], "purge": false, "written": true}, "sheep2-00004.png": {"Creeper": [], "Pig": [], "Zombie": [], "Sheep": [[244.09859154929578, 196.1, 144.81690140845072, 235.85]], "purge": false, "written": true}, "sheep2-00005.png": {"Creeper": [], "Pig": [], "Zombie": [], "Sheep": [[167.2112676056338, 204.04999999999998, 48.521126760563384, 83.475]], "purge": false, "written": true}, "sheep2-00006.png": {"Creeper": [], "Pig": [], "Zombie": [], "Sheep": [[153.77464788732394, 157.67499999999998, 35.08450704225352, 68.89999999999999]], "purge": false, "written": true}, "sheep2-00007.png": {"Creeper": [], "Pig": [], "Zombie": [], "Sheep": [[167.2112676056338, 177.54999999999998, 37.32394366197183, 88.77499999999999]], "purge": false, "written": true}, "sheep2-00008.png": {"Creeper": [], "Pig": [], "Zombie": [], "Sheep": [[142.57746478873239, 151.04999999999998, 32.84507042253521, 50.35]], "purge": false, "written": true}, "sheep2-00009.png": {"Creeper": [], "Pig": [], "Zombie": [], "Sheep": [[198.56338028169014, 254.39999999999998, 62.70422535211268, 120.575]], "purge": false, "written": true}, "sheep2-00010.png": {"Creeper": [], "Pig": [], "Zombie": [], "Sheep": [[209.7605633802817, 190.79999999999998, 59.71830985915493, 108.64999999999999]], "purge": false, "written": true}, "sheep2-00011.png": {"Creeper": [], "Pig": [], "Zombie": [], "Sheep": [[268.7323943661972, 238.5, 73.90140845070422, 124.55]], "purge": false, "written": true}, "sheep2-00012.png": {"Creeper": [], "Pig": [], "Zombie": [], "Sheep": [[210.50704225352112, 112.625, 50.014084507042256, 84.8]], "purge": false, "written": true}, "sheep2-00013.png": {"Creeper": [], "Pig": [], "Zombie": [], "Sheep": [[96.29577464788733, 125.875, 41.80281690140845, 74.2]], "purge": false, "written": true}, "sheep2-00014.png": {"Creeper": [], "Pig": [], "Zombie": [], "Sheep": [[122.4225352112676, 147.075, 28.366197183098592, 47.699999999999996]], "purge": false, "written": true}, "sheep2-00015.png": {"Creeper": [], "Pig": [], "Zombie": [], "Sheep": [[131.38028169014083, 149.725, 17.169014084507044, 33.125]], "purge": false, "written": true}, "sheep2-00016.png": {"Creeper": [], "Pig": [], "Zombie": [], "Sheep": [], "purge": [], "written": []}, "sheep2-00017.png": {"Creeper": [], "Pig": [], "Zombie": [], "Sheep": [[203.7887323943662, 141.775, 17.91549295774648, 42.4]], "purge": false, "written": true}, "sheep2-00018.png": {"Creeper": [], "Pig": [], "Zombie": [], "Sheep": [[256.0422535211268, 185.5, 44.04225352112676, 90.1]], "purge": false, "written": true}, "sheep2-00019.png": {"Creeper": [], "Pig": [], "Zombie": [], "Sheep": [[151.53521126760563, 192.125, 29.859154929577464, 49.025]], "purge": false, "written": true}, "sheep2-00020.png": {"Creeper": [], "Pig": [], "Zombie": [], "Sheep": [[82.85915492957747, 210.67499999999998, 26.87323943661972, 59.625]], "purge": false, "written": true}, "sheep2-00021.png": {"Creeper": [], "Pig": [], "Zombie": [], "Sheep": [], "purge": false, "written": false}, "sheep2-00022.png": {"Creeper": [], "Pig": [], "Zombie": [], "Sheep": [[55.23943661971831, 64.925, 38.070422535211264, 68.89999999999999]], "purge": false, "written": true}, "sheep2-00023.png": {"Creeper": [], "Pig": [], "Zombie": [], "Sheep": [[145.56338028169014, 37.1, 17.91549295774648, 53.0]], "purge": false, "written": true}, "sheep2-00024.png": {"Creeper": [], "Pig": [], "Zombie": [], "Sheep": [[275.4507042253521, 38.425, 41.056338028169016, 66.25]], "purge": false, "written": true}, "sheep2-00025.png": {"Creeper": [], "Pig": [], "Zombie": [], "Sheep": [[235.88732394366198, 90.1, 27.619718309859156, 45.05]], "purge": false, "written": true}, "sheep2-00026.png": {"Creeper": [], "Pig": [], "Zombie": [], "Sheep": [[170.94366197183098, 156.35, 11.943661971830986, 39.75]], "purge": false, "written": true}, "sheep2-00027.png": {"Creeper": [], "Pig": [], "Zombie": [], "Sheep": [[167.95774647887325, 113.95, 21.647887323943664, 38.425]], "purge": false, "written": true}, "sheep2-00028.png": {"Creeper": [], "Pig": [], "Zombie": [], "Sheep": [[161.2394366197183, 161.65, 43.29577464788733, 74.2]], "purge": false, "written": true}, "sheep2-00029.png": {"Creeper": [], "Pig": [], "Zombie": [], "Sheep": [[193.33802816901408, 214.65, 101.52112676056338, 166.95]], "purge": false, "written": true}, "sheep2-00030.png": {"Creeper": [], "Pig": [], "Zombie": [], "Sheep": [[150.7887323943662, 173.575, 61.95774647887324, 102.02499999999999]], "purge": false, "written": true}, "sheep2-00031.png": {"Creeper": [], "Pig": [], "Zombie": [], "Sheep": [[156.7605633802817, 197.42499999999998, 15.67605633802817, 30.474999999999998]], "purge": false, "written": true}, "sheep2-00032.png": {"Creeper": [], "Pig": [], "Zombie": [], "Sheep": [[149.29577464788733, 148.4, 11.943661971830986, 58.3]], "purge": false, "written": true}, "sheep2-00033.png": {"Creeper": [], "Pig": [], "Zombie": [], "Sheep": [[114.21126760563381, 168.275, 44.04225352112676, 83.475]], "purge": false, "written": true}, "sheep2-00034.png": {"Creeper": [], "Pig": [], "Zombie": [], "Sheep": [[132.8732394366197, 157.67499999999998, 41.80281690140845, 70.225]], "purge": false, "written": true}, "sheep2-00035.png": {"Creeper": [], "Pig": [], "Zombie": [], "Sheep": [[61.2112676056338, 205.375, 120.92957746478874, 156.35]], "purge": false, "written": true}, "sheep2-00036.png": {"Creeper": [], "Pig": [], "Zombie": [], "Sheep": [[114.21126760563381, 229.225, 70.16901408450704, 127.19999999999999]], "purge": false, "written": true}, "sheep2-00037.png": {"Creeper": [], "Pig": [], "Zombie": [], "Sheep": [[132.8732394366197, 196.1, 25.380281690140844, 94.075]], "purge": false, "written": true}, "sheep2-00038.png": {"Creeper": [], "Pig": [], "Zombie": [], "Sheep": [[197.81690140845072, 160.325, 40.309859154929576, 92.75]], "purge": false, "written": true}, "sheep2-00039.png": {"Creeper": [], "Pig": [], "Zombie": [], "Sheep": [[182.14084507042253, 221.275, 53.0, 98.05]], "purge": false, "written": true}, "sheep2-00040.png": {"Creeper": [], "Pig": [], "Zombie": [], "Sheep": [[122.4225352112676, 141.775, 50.014084507042256, 82.14999999999999]], "purge": false, "written": true}, "sheep2-00041.png": {"Creeper": [], "Pig": [], "Zombie": [], "Sheep": [[111.22535211267606, 156.35, 25.380281690140844, 43.725]], "purge": false, "written": true}, "sheep2-00042.png": {"Creeper": [], "Pig": [], "Zombie": [], "Sheep": [[116.45070422535211, 107.325, 24.633802816901408, 35.775]], "purge": false, "written": true}, "sheep2-00043.png": {"Creeper": [], "Pig": [], "Zombie": [], "Sheep": [[132.1267605633803, 103.35, 28.366197183098592, 39.75]], "purge": false, "written": true}, "sheep2-00044.png": {"Creeper": [], "Pig": [], "Zombie": [], "Sheep": [], "purge": false, "written": false}, "sheep2-00045.png": {"Creeper": [], "Pig": [], "Zombie": [], "Sheep": [[148.5492957746479, 137.79999999999998, 20.901408450704224, 27.825]], "purge": false, "written": true}, "sheep2-00046.png": {"Creeper": [], "Pig": [], "Zombie": [], "Sheep": [], "purge": false, "written": false}, "sheep2-00047.png": {"Creeper": [], "Pig": [], "Zombie": [], "Sheep": [], "purge": false, "written": false}, "sheep2-00048.png": {"Creeper": [], "Pig": [], "Zombie": [], "Sheep": [], "purge": false, "written": false}, "sheep2-00049.png": {"Creeper": [], "Pig": [], "Zombie": [],