{"creeper5-00000.png": {"Creeper": [[97.04225352112677, 50.35, 32.84507042253521, 90.1]], "Pig": [], "Zombie": [], "Sheep": [], "purge": false, "written": true}, "creeper5-00001.png": {"Creeper": [[103.7605633802817, 42.4, 23.887323943661972, 74.2]], "Pig": [], "Zombie": [], "Sheep": [], "purge": false, "written": true}, "creeper5-00002.png": {"Creeper": [[167.2112676056338, 131.17499999999998, 23.887323943661972, 102.02499999999999]], "Pig": [], "Zombie": [], "Sheep": [], "purge": false, "written": true}, "creeper5-00003.png": {"Creeper": [[238.1267605633803, 189.475, 44.7887323943662, 125.875]], "Pig": [], "Zombie": [], "Sheep": [], "purge": false, "written": true}, "creeper5-00004.png": {"Creeper": [[234.3943661971831, 212.0, 29.112676056338028, 99.375]], "Pig": [], "Zombie": [], "Sheep": [], "purge": false, "written": true}, "creeper5-00005.png": {"Creeper": [[230.66197183098592, 186.825, 23.887323943661972, 72.875]], "Pig": [], "Zombie": [], "Sheep": [], "purge": false, "written": true}, "creeper5-00006.png": {"Creeper": [[153.0281690140845, 139.125, 10.450704225352112, 39.75]], "Pig": [], "Zombie": [], "Sheep": [], "purge": false, "written": true}, "creeper5-00007.png": {"Creeper": [[124.66197183098592, 140.45, 8.211267605633802, 29.15]], "Pig": [], "Zombie": [], "Sheep": [], "purge": false, "written": true}, "creeper5-00008.png": {"Creeper": [[104.50704225352112, 177.54999999999998, 7.464788732394366, 23.849999999999998]], "Pig": [], "Zombie": [], "Sheep": [], "purge": false, "written": true}, "creeper5-00009.png": {"Creeper": [[79.12676056338029, 181.525, 8.211267605633802, 25.175]], "Pig": [], "Zombie": [], "Sheep": [], "purge": false, "written": true}, "creeper5-00010.png": {"Creeper": [[139.59154929577466, 186.825, 7.464788732394366, 26.5]], "Pig": [], "Zombie": [], "Sheep": [], "purge": false, "written": true}, "creeper5-00011.png": {"Creeper": [[260.5211267605634, 208.025, 14.183098591549296, 37.1]], "Pig": [], "Zombie": [], "Sheep": [], "purge": false, "written": true}, "creeper5-00012.png": {"Creeper": [[273.2112676056338, 239.825, 15.67605633802817, 39.75]], "Pig": [], "Zombie": [], "Sheep": [], "purge": false, "written": true}, "creeper5-00013.png": {"Creeper": [[256.0422535211268, 241.15, 10.450704225352112, 39.75]], "Pig": [], "Zombie": [], "Sheep": [], "purge": false, "written": true}, "creeper5-00014.png": {"Creeper": [[197.81690140845072, 262.34999999999997, 11.19718309859155, 35.775]], "Pig": [], "Zombie": [], "Sheep": [], "purge": false, "written": true}, "creeper5-00015.png": {"Creeper": [[67.92957746478874, 278.25, 22.3943661971831, 46.375]], "Pig": [], "Zombie": [], "Sheep": [], "purge": false, "written": true}, "creeper5-00016.png": {"Creeper": [[58.971830985915496, 192.125, 20.154929577464788, 50.35]], "Pig": [], "Zombie": [], "Sheep": [], "purge": false, "written": true}, "creeper5-00017.png": {"Creeper": [[94.80281690140845, 66.25, 14.929577464788732, 45.05]], "Pig": [], "Zombie": [], "Sheep": [], "purge": false, "written": true}, "creeper5-00018.png": {"Creeper": [[138.8450704225352, 34.449999999999996, 14.929577464788732, 25.175]], "Pig": [], "Zombie": [], "Sheep": [], "purge": false, "written": true}, "creeper5-00019.png": {"Creeper": [[147.05633802816902, 47.699999999999996, 14.183098591549296, 26.5]], "Pig": [], "Zombie": [], "Sheep": [], "purge": false, "written": true}, "creeper5-00020.png": {"Creeper": [[134.3661971830986, 100.7, 12.690140845070422, 34.449999999999996]], "Pig": [], "Zombie": [], "Sheep": [], "purge": false, "written": true}, "creeper5-00021.png": {"Creeper": [[96.29577464788733, 136.475, 26.87323943661972, 49.025]], "Pig": [], "Zombie": [], "Sheep": [], "purge": false, "written": true}, "creeper5-00022.png": {"Creeper": [[72.40845070422536, 115.27499999999999, 24.633802816901408, 62.275]], "Pig": [], "Zombie": [], "Sheep": [], "purge": false, "written": true}, "creeper5-00023.png": {"Creeper": [[168.70422535211267, 121.89999999999999, 14.183098591549296, 38.425]], "Pig": [], "Zombie": [], "Sheep": [], "purge": false, "written": true}, "creeper5-00024.png": {"Creeper": [[189.6056338028169, 144.42499999999998, 9.704225352112676, 29.15]], "Pig": [], "Zombie": [], "Sheep": [], "purge": false, "written": true}, "creeper5-00025.png": {"Creeper": [[167.95774647887325, 148.4, 9.704225352112676, 21.2]], "Pig": [], "Zombie": [], "Sheep": [], "purge": false, "written": true}, "creeper5-00026.png": {"Creeper": [[129.14084507042253, 153.7, 6.71830985915493, 22.525]], "Pig": [], "Zombie": [], "Sheep": [], "purge": false, "written": true}, "creeper5-00027.png": {"Creeper": [[105.25352112676056, 157.67499999999998, 8.211267605633802, 22.525]], "Pig": [], "Zombie": [], "Sheep": [], "purge": false, "written": true}, "creeper5-00028.png": {"Creeper": [[73.90140845070422, 169.6, 8.95774647887324, 25.175]], "Pig": [], "Zombie": [], "Sheep": [], "purge": false, "written": true}, "creeper5-00029.png": {"Creeper": [[30.6056338028169, 190.79999999999998, 11.943661971830986, 26.5]], "Pig": [], "Zombie": [], "Sheep": [], "purge": false, "written": true}, "creeper5-00030.png": {"Creeper": [[40.309859154929576, 201.4, 11.19718309859155, 26.5]], "Pig": [], "Zombie": [], "Sheep": [], "purge": false, "written": true}, "creeper5-00031.png": {"Creeper": [[160.49295774647888, 188.15, 5.971830985915493, 21.2]], "Pig": [], "Zombie": [], "Sheep": [], "purge": false, "written": true}, "creeper5-00032.png": {"Creeper": [[196.32394366197184, 181.525, 6.71830985915493, 21.2]], "Pig": [], "Zombie": [], "Sheep": [], "purge": false, "written": true}, "creeper5-00033.png": {"Creeper": [[253.05633802816902, 180.2, 7.464788732394366, 21.2]], "Pig": [], "Zombie": [], "Sheep": [], "purge": false, "written": true}, "creeper5-00034.png": {"Creeper": [[266.49295774647885, 182.85, 9.704225352112676, 23.849999999999998]], "Pig": [], "Zombie": [], "Sheep": [], "purge": false, "written": true}, "creeper5-00035.png": {"Creeper": [[261.2676056338028, 186.825, 7.464788732394366, 21.2]], "Pig": [], "Zombie": [], "Sheep": [], "purge": false, "written": true}, "creeper5-00036.png": {"Creeper": [[220.95774647887325, 178.875, 6.71830985915493, 18.55]], "Pig": [], "Zombie": [], "Sheep": [], "purge": false, "written": true}, "creeper5-00037.png": {"Creeper": [[144.07042253521126, 170.92499999999998, 5.971830985915493, 17.224999999999998]], "Pig": [], "Zombie": [], "Sheep": [], "purge": false, "written": true}, "creeper5-00038.png": {"Creeper": [[112.71830985915493, 176.225, 6.71830985915493, 18.55]], "Pig": [], "Zombie": [], "Sheep": [], "purge": false, "written": true}, "creeper5-00039.png": {"Creeper": [[119.43661971830986, 170.92499999999998, 6.71830985915493, 15.899999999999999]], "Pig": [], "Zombie": [], "Sheep": [], "purge": false, "written": true}, "creeper5-00040.png": {"Creeper": [], "Pig": [], "Zombie": [], "Sheep": [], "purge": false, "written": false}, "creeper5-00041.png": {"Creeper": [[109.73239436619718, 164.29999999999998, 5.971830985915493, 18.55]], "Pig": [], "Zombie": [], "Sheep": [], "purge": false, "written": true}, "creeper5-00042.png": {"Creeper": [[115.70422535211267, 151.04999999999998, 6.71830985915493, 14.575]], "Pig": [], "Zombie": [], "Sheep": [], "purge": false, "written": true}, "creeper5-00043.png": {"Creeper": [[69.4225352112676, 155.025, 5.971830985915493, 17.224999999999998]], "Pig": [], "Zombie": [], "Sheep": [], "purge": false, "written": true}, "creeper5-00044.png": {"Creeper": [[202.29577464788733, 161.65, 5.971830985915493, 18.55]], "Pig": [], "Zombie": [], "Sheep": [], "purge": false, "written": true}, "creeper5-00045.png": {"Creeper": [[244.09859154929578, 190.79999999999998, 8.95774647887324, 19.875]], "Pig": [], "Zombie": [], "Sheep": [], "purge": false, "written": true}, "creeper5-00046.png": {"Creeper": [[265.7464788732394, 184.17499999999998, 10.450704225352112, 26.5]], "Pig": [], "Zombie": [], "Sheep": [], "purge": false, "written": true},