{"sheep9-00000.png": {"Creeper": [], "Pig": [], "Zombie": [], "Sheep": [[147.80281690140845, 164.29999999999998, 28.366197183098592, 84.8]], "purge": false, "written": true}, "sheep9-00001.png": {"Creeper": [], "Pig": [], "Zombie": [], "Sheep": [[144.07042253521126, 165.625, 29.859154929577464, 84.8]], "purge": false, "written": true}, "sheep9-00002.png": {"Creeper": [], "Pig": [], "Zombie": [], "Sheep": [[138.8450704225352, 206.7, 57.47887323943662, 84.8]], "purge": false, "written": true}, "sheep9-00003.png": {"Creeper": [], "Pig": [], "Zombie": [], "Sheep": [[69.4225352112676, 193.45, 61.95774647887324, 79.5]], "purge": false, "written": true}, "sheep9-00004.png": {"Creeper": [], "Pig": [], "Zombie": [], "Sheep": [[134.3661971830986, 184.17499999999998, 58.225352112676056, 108.64999999999999]], "purge": false, "written": true}, "sheep9-00005.png": {"Creeper": [], "Pig": [], "Zombie": [], "Sheep": [[55.985915492957744, 186.825, 73.90140845070422, 108.64999999999999]], "purge": false, "written": true}, "sheep9-00006.png": {"Creeper": [], "Pig": [], "Zombie": [], "Sheep": [[38.816901408450704, 237.17499999999998, 66.43661971830986, 152.375]], "purge": false, "written": true}, "sheep9-00007.png": {"Creeper": [], "Pig": [], "Zombie": [], "Sheep": [[127.64788732394366, 198.75, 52.25352112676056, 84.8]], "purge": false, "written": true}, "sheep9-00008.png": {"Creeper": [], "Pig": [], "Zombie": [], "Sheep": [[162.73239436619718, 131.17499999999998, 24.633802816901408, 45.05]], "purge": false, "written": true}, "sheep9-00009.png": {"Creeper": [], "Pig": [], "Zombie": [], "Sheep": [[179.1549295774648, 139.125, 20.901408450704224, 14.575]], "purge": false, "written": true}, "sheep9-00010.png": {"Creeper": [], "Pig": [], "Zombie": [], "Sheep": [[251.56338028169014, 137.79999999999998, 16.422535211267604, 29.15]], "purge": false, "written": true}, "sheep9-00011.png": {"Creeper": [], "Pig": [], "Zombie": [], "Sheep": [[270.9718309859155, 80.825, 15.67605633802817, 22.525]], "purge": false, "written": true}, "sheep9-00012.png": {"Creeper": [], "Pig": [], "Zombie": [], "Sheep": [[261.2676056338028, 56.975, 19.408450704225352, 37.1]], "purge": false, "written": true}, "sheep9-00013.png": {"Creeper": [], "Pig": [], "Zombie": [], "Sheep": [[238.1267605633803, 63.599999999999994, 18.661971830985916, 42.4]], "purge": false, "written": true}, "sheep9-00014.png": {"Creeper": [], "Pig": [], "Zombie": [], "Sheep": [[78.38028169014085, 139.125, 16.422535211267604, 21.2]], "purge": false, "written": true}, "sheep9-00015.png": {"Creeper": [], "Pig": [], "Zombie": [], "Sheep": [[114.21126760563381, 113.95, 20.154929577464788, 50.35]], "purge": false, "written": true}, "sheep9-00016.png": {"Creeper": [], "Pig": [], "Zombie": [], "Sheep": [[72.40845070422536, 202.725, 50.014084507042256, 92.75]], "purge": false, "written": true}, "sheep9-00017.png": {"Creeper": [], "Pig": [], "Zombie": [], "Sheep": [[112.71830985915493, 239.825, 35.08450704225352, 98.05]], "purge": false, "written": true}, "sheep9-00018.png": {"Creeper": [], "Pig": [], "Zombie": [], "Sheep": [[206.0281690140845, 176.225, 52.25352112676056, 86.125]], "purge": false, "written": true}, "sheep9-00019.png": {"Creeper": [], "Pig": [], "Zombie": [], "Sheep": [[211.25352112676057, 198.75, 26.87323943661972, 35.775]], "purge": false, "written": true}, "sheep9-00020.png": {"Creeper": [], "Pig": [], "Zombie": [], "Sheep": [[212.74647887323943, 205.375, 19.408450704225352, 25.175]], "purge": false, "written": true}, "sheep9-00021.png": {"Creeper": [], "Pig": [], "Zombie": [], "Sheep": [[194.83098591549296, 204.04999999999998, 17.169014084507044, 22.525]], "purge": false, "written": true}, "sheep9-00022.png": {"Creeper": [], "Pig": [], "Zombie": [], "Sheep": [[230.66197183098592, 181.525, 18.661971830985916, 22.525]], "purge": false, "written": true}, "sheep9-00023.png": {"Creeper": [], "Pig": [], "Zombie": [], "Sheep": [[282.9154929577465, 196.1, 13.43661971830986, 14.575]], "purge": false, "written": true}, "sheep9-00024.png": {"Creeper": [], "Pig": [], "Zombie": [], "Sheep": [], "purge": [], "written": []}, "sheep9-00025.png": {"Creeper": [], "Pig": [], "Zombie": [], "Sheep": [], "purge": [], "written": []}, "sheep9-00026.png": {"Creeper": [], "Pig": [], "Zombie": [], "Sheep": [], "purge": false, "written": false}, "sheep9-00027.png": {"Creeper": [], "Pig": [], "Zombie": [], "Sheep": [], "purge": false, "written": false}, "sheep9-00028.png": {"Creeper": [], "Pig": [], "Zombie": [], "Sheep": [[185.8732394366197, 162.975, 14.183098591549296, 26.5]], "purge": false, "written": true}, "sheep9-00029.png": {"Creeper": [], "Pig": [], "Zombie": [], "Sheep": [[106.74647887323944, 170.92499999999998, 29.112676056338028, 64.925]], "purge": false, "written": true}, "sheep9-00030.png": {"Creeper": [], "Pig": [], "Zombie": [], "Sheep": [[116.45070422535211, 162.975, 67.92957746478874, 80.825]], "purge": false, "written": true}, "sheep9-00031.png": {"Creeper": [], "Pig": [], "Zombie": [], "Sheep": [[156.7605633802817, 133.825, 32.098591549295776, 46.375]], "purge": false, "written": true}, "sheep9-00032.png": {"Creeper": [], "Pig": [], "Zombie": [], "Sheep": [[254.5492957746479, 176.225, 34.33802816901409, 43.725]], "purge": false, "written": true}, "sheep9-00033.png": {"Creeper": [], "Pig": [], "Zombie": [], "Sheep": [[303.8169014084507, 121.89999999999999, 24.633802816901408, 45.05]], "purge": false, "written": true}, "sheep9-00034.png": {"Creeper": [], "Pig": [], "Zombie": [], "Sheep": [[244.09859154929578, 168.275, 26.87323943661972, 39.75]], "purge": false, "written": true}, "sheep9-00035.png": {"Creeper": [], "Pig": [], "Zombie": [], "Sheep": [[51.50704225352113, 173.575, 23.140845070422536, 29.15]], "purge": false, "written": true}, "sheep9-00036.png": {"Creeper": [], "Pig": [], "Zombie": [], "Sheep": [[64.94366197183099, 162.975, 11.943661971830986, 22.525]], "purge": false, "written": true}, "sheep9-00037.png": {"Creeper": [], "Pig": [], "Zombie": [], "Sheep": [[89.5774647887324, 151.04999999999998, 9.704225352112676, 15.899999999999999]], "purge": false, "written": true}, "sheep9-00038.png": {"Creeper": [], "Pig": [], "Zombie": [], "Sheep": [[121.67605633802818, 124.55, 8.95774647887324, 17.224999999999998]], "purge": false, "written": true}, "sheep9-00039.png": {"Creeper": [], "Pig": [], "Zombie": [], "Sheep": [], "purge": [], "written": []}, "sheep9-00040.png": {"Creeper": [], "Pig": [], "Zombie": [], "Sheep": [[233.64788732394365, 159.0, 10.450704225352112, 14.575]], "purge": false, "written": true}, "sheep9-00041.png": {"Creeper": [], "Pig": [], "Zombie": [], "Sheep": [[232.90140845070422, 151.04999999999998, 11.943661971830986, 17.224999999999998]], "purge": false, "written": true}, "sheep9-00042.png": {"Creeper": [], "Pig": [], "Zombie": [], "Sheep": [[256.7887323943662, 145.75, 17.169014084507044, 18.55]], "purge": false, "written": true}, "sheep9-00043.png": {"Creeper": [], "Pig": [], "Zombie": [], "Sheep": [], "purge": [], "written": []}, "sheep9-00044.png": {"Creeper": [], "Pig": [], "Zombie": [], "Sheep": [[139.59154929577466, 166.95, 11.19718309859155, 15.899999999999999]], "purge": false, "written": true}, "sheep9-00045.png": {"Creeper": [], "Pig": [], "Zombie": [], "Sheep": [[174.67605633802816, 155.025, 13.43661971830986, 15.899999999999999]], "purge": false, "written": true}, "sheep9-00046.png": {"Creeper": [], "Pig": [], "Zombie": [], "Sheep": [[194.08450704225353, 169.6, 19.408450704225352, 25.175]], "purge": false, "written": true}, "sheep9-00047.png": {"Creeper": [], "Pig": [], "Zombie": [], "Sheep": [[195.57746478873239, 168.275, 26.87323943661972, 68.89999999999999]], "purge": false, "written": true}, "sheep9-00048.png": {"Creeper": [], "Pig": [], "Zombie": [], "Sheep": [[76.14084507042253, 120.575, 63.45070422535211, 119.25]], "purge": false, "written": true}, "sheep9-00049.png": {"Creeper": [], "Pig": [], "Zombie": [], "Sheep": [[229.16901408450704, 71.55, 79.12676056338029, 143.1]], "purge": false,