{"zombie4-00000.png": {"Creeper": [], "Pig": [], "Zombie": [[147.80281690140845, 180.2, 29.859154929577464, 109.975]], "Sheep": [], "purge": false, "written": true}, "zombie4-00001.png": {"Creeper": [], "Pig": [], "Zombie": [[167.95774647887325, 185.5, 23.140845070422536, 82.14999999999999]], "Sheep": [], "purge": false, "written": true}, "zombie4-00002.png": {"Creeper": [], "Pig": [], "Zombie": [[221.70422535211267, 193.45, 24.633802816901408, 70.225]], "Sheep": [], "purge": false, "written": true}, "zombie4-00003.png": {"Creeper": [], "Pig": [], "Zombie": [[258.28169014084506, 194.775, 31.35211267605634, 70.225]], "Sheep": [], "purge": false, "written": true}, "zombie4-00004.png": {"Creeper": [], "Pig": [], "Zombie": [[220.2112676056338, 189.475, 32.098591549295776, 82.14999999999999]], "Sheep": [], "purge": false, "written": true}, "zombie4-00005.png": {"Creeper": [], "Pig": [], "Zombie": [[78.38028169014085, 202.725, 53.74647887323944, 147.075]], "Sheep": [], "purge": false, "written": true}, "zombie4-00006.png": {"Creeper": [], "Pig": [], "Zombie": [[47.028169014084504, 197.42499999999998, 72.40845070422536, 160.325]], "Sheep": [], "purge": false, "written": true}, "zombie4-00007.png": {"Creeper": [], "Pig": [], "Zombie": [[67.92957746478874, 160.325, 47.774647887323944, 125.875]], "Sheep": [], "purge": false, "written": true}, "zombie4-00008.png": {"Creeper": [], "Pig": [], "Zombie": [[159.0, 123.225, 23.887323943661972, 68.89999999999999]], "Sheep": [], "purge": false, "written": true}, "zombie4-00009.png": {"Creeper": [], "Pig": [], "Zombie": [[194.08450704225353, 141.775, 16.422535211267604, 51.675]], "Sheep": [], "purge": false, "written": true}, "zombie4-00010.png": {"Creeper": [], "Pig": [], "Zombie": [[184.38028169014083, 144.42499999999998, 12.690140845070422, 38.425]], "Sheep": [], "purge": false, "written": true}, "zombie4-00011.png": {"Creeper": [], "Pig": [], "Zombie": [[171.69014084507043, 152.375, 8.95774647887324, 29.15]], "Sheep": [], "purge": false, "written": true}, "zombie4-00012.png": {"Creeper": [], "Pig": [], "Zombie": [[124.66197183098592, 164.29999999999998, 8.95774647887324, 27.825]], "Sheep": [], "purge": false, "written": true}, "zombie4-00013.png": {"Creeper": [], "Pig": [], "Zombie": [[108.2394366197183, 169.6, 11.19718309859155, 30.474999999999998]], "Sheep": [], "purge": false, "written": true}, "zombie4-00014.png": {"Creeper": [], "Pig": [], "Zombie": [[104.50704225352112, 172.25, 14.183098591549296, 35.775]], "Sheep": [], "purge": false, "written": true}, "zombie4-00015.png": {"Creeper": [], "Pig": [], "Zombie": [[61.95774647887324, 166.95, 20.154929577464788, 49.025]], "Sheep": [], "purge": false, "written": true}, "zombie4-00016.png": {"Creeper": [], "Pig": [], "Zombie": [[85.84507042253522, 132.5, 20.901408450704224, 58.3]], "Sheep": [], "purge": false, "written": true}, "zombie4-00017.png": {"Creeper": [], "Pig": [], "Zombie": [[85.84507042253522, 144.42499999999998, 30.6056338028169, 86.125]], "Sheep": [], "purge": false, "written": true}, "zombie4-00018.png": {"Creeper": [], "Pig": [], "Zombie": [[90.32394366197182, 160.325, 50.76056338028169, 148.4]], "Sheep": [], "purge": false, "written": true}, "zombie4-00019.png": {"Creeper": [], "Pig": [], "Zombie": [[90.32394366197182, 193.45, 41.80281690140845, 123.225]], "Sheep": [], "purge": false, "written": true}, "zombie4-00020.png": {"Creeper": [], "Pig": [], "Zombie": [], "Sheep": [], "purge": false, "written": false}, "zombie4-00021.png": {"Creeper": [], "Pig": [], "Zombie": [[154.5211267605634, 151.04999999999998, 20.901408450704224, 45.05]], "Sheep": [], "purge": false, "written": true}, "zombie4-00022.png": {"Creeper": [], "Pig": [], "Zombie": [[144.81690140845072, 165.625, 15.67605633802817, 39.75]], "Sheep": [], "purge": false, "written": true}, "zombie4-00023.png": {"Creeper": [], "Pig": [], "Zombie": [], "Sheep": [], "purge": [], "written": []}, "zombie4-00024.png": {"Creeper": [], "Pig": [], "Zombie": [[108.98591549295774, 139.125, 16.422535211267604, 30.474999999999998]], "Sheep": [], "purge": false, "written": true}, "zombie4-00025.png": {"Creeper": [], "Pig": [], "Zombie": [[14.929577464788732, 172.25, 29.112676056338028, 43.725]], "Sheep": [], "purge": false, "written": true}, "zombie4-00026.png": {"Creeper": [], "Pig": [], "Zombie": [[252.30985915492957, 70.225, 22.3943661971831, 42.4]], "Sheep": [], "purge": false, "written": true}, "zombie4-00027.png": {"Creeper": [], "Pig": [], "Zombie": [[271.71830985915494, 225.25, 25.380281690140844, 43.725]], "Sheep": [], "purge": false, "written": true}, "zombie4-00028.png": {"Creeper": [], "Pig": [], "Zombie": [[214.98591549295776, 186.825, 17.169014084507044, 37.1]], "Sheep": [], "purge": false, "written": true}, "zombie4-00029.png": {"Creeper": [], "Pig": [], "Zombie": [], "Sheep": [], "purge": false, "written": false}, "zombie4-00030.png": {"Creeper": [], "Pig": [], "Zombie": [[179.1549295774648, 189.475, 11.943661971830986, 39.75]], "Sheep": [], "purge": false, "written": true}, "zombie4-00031.png": {"Creeper": [], "Pig": [], "Zombie": [[185.1267605633803, 172.25, 10.450704225352112, 31.799999999999997]], "Sheep": [], "purge": false, "written": true}, "zombie4-00032.png": {"Creeper": [], "Pig": [], "Zombie": [[53.74647887323944, 212.0, 17.169014084507044, 45.05]], "Sheep": [], "purge": false, "written": true}, "zombie4-00033.png": {"Creeper": [], "Pig": [], "Zombie": [[186.61971830985917, 76.85, 12.690140845070422, 41.074999999999996]], "Sheep": [], "purge": false, "written": true}, "zombie4-00034.png": {"Creeper": [], "Pig": [], "Zombie": [[241.85915492957747, 83.475, 15.67605633802817, 43.725]], "Sheep": [], "purge": false, "written": true}, "zombie4-00035.png": {"Creeper": [], "Pig": [], "Zombie": [[200.05633802816902, 140.45, 12.690140845070422, 33.125]], "Sheep": [], "purge": false, "written": true}, "zombie4-00036.png": {"Creeper": [], "Pig": [], "Zombie": [[182.14084507042253, 169.6, 13.43661971830986, 37.1]], "Sheep": [], "purge": false, "written": true}, "zombie4-00037.png": {"Creeper": [], "Pig": [], "Zombie": [[107.49295774647888, 182.85, 14.183098591549296, 39.75]], "Sheep": [], "purge": false, "written": true}, "zombie4-00038.png": {"Creeper": [], "Pig": [], "Zombie": [[55.23943661971831, 197.42499999999998, 17.169014084507044, 43.725]], "Sheep": [], "purge": false, "written": true}, "zombie4-00039.png": {"Creeper": [], "Pig": [], "Zombie": [[44.7887323943662, 90.1, 20.154929577464788, 47.699999999999996]], "Sheep": [], "purge": false, "written": true}, "zombie4-00040.png": {"Creeper": [], "Pig": [], "Zombie": [[127.64788732394366, 86.125, 11.19718309859155, 35.775]], "Sheep": [], "purge": false, "written": true}, "zombie4-00041.png": {"Creeper": [], "Pig": [], "Zombie": [[191.8450704225352, 125.875, 12.690140845070422, 37.1]], "Sheep": [], "purge": false, "written": true}, "zombie4-00042.png": {"Creeper": [], "Pig": [], "Zombie": [[120.92957746478874, 157.67499999999998, 13.43661971830986, 41.074999999999996]], "Sheep": [], "purge": false, "written": true}, "zombie4-00043.png": {"Creeper": [], "Pig": [], "Zombie": [[125.40845070422536, 137.79999999999998, 17.91549295774648, 59.625]], "Sheep": [], "purge": false, "written": true}, "zombie4-00044.png": {"Creeper": [], "Pig": [], "Zombie": [[105.25352112676056, 144.42499999999998, 28.366197183098592, 80.825]], "Sheep": [], "purge": false, "written": true}, "zombie4-00045.png": {"Creeper": [], "Pig": [], "Zombie": [[34.33802816901409, 212.0, 67.92957746478874, 156.35]], "Sheep": [], "purge": false, "written": true}, "zombie4-00046.png": {"Creeper": [], "Pig": [], "Zombie": [[126.90140845070422, 157.67499999999998, 23.887323943661972, 67.575]], "Sheep": [], "purge": false, "written": true}, "zombie4-00047.png": {"Creeper": [], "Pig": [], "Zombie": [[184.38028169014083, 144.42499999999998, 14.183098591549296, 45.05]], "Sheep": [], "purge": false, "written": true}, "zombie4-00048.png": {"Creeper": [], "Pig": [],