{"creeper8-00000.png": {"Creeper": [[193.33802816901408, 181.525, 8.95774647887324, 37.1]], "Pig": [], "Zombie": [], "Sheep": [], "purge": false, "written": true}, "creeper8-00001.png": {"Creeper": [[190.35211267605635, 181.525, 8.211267605633802, 31.799999999999997]], "Pig": [], "Zombie": [], "Sheep": [], "purge": false, "written": true}, "creeper8-00002.png": {"Creeper": [[194.08450704225353, 180.2, 9.704225352112676, 34.449999999999996]], "Pig": [], "Zombie": [], "Sheep": [], "purge": false, "written": true}, "creeper8-00003.png": {"Creeper": [[182.88732394366198, 185.5, 8.211267605633802, 39.75]], "Pig": [], "Zombie": [], "Sheep": [], "purge": false, "written": true}, "creeper8-00004.png": {"Creeper": [], "Pig": [], "Zombie": [], "Sheep": [], "purge": [], "written": []}, "creeper8-00005.png": {"Creeper": [[185.8732394366197, 198.75, 19.408450704225352, 71.55]], "Pig": [], "Zombie": [], "Sheep": [], "purge": false, "written": true}, "creeper8-00006.png": {"Creeper": [[197.07042253521126, 209.35, 23.140845070422536, 92.75]], "Pig": [], "Zombie": [], "Sheep": [], "purge": false, "written": true}, "creeper8-00007.png": {"Creeper": [[184.38028169014083, 242.475, 27.619718309859156, 104.675]], "Pig": [], "Zombie": [], "Sheep": [], "purge": false, "written": true}, "creeper8-00008.png": {"Creeper": [], "Pig": [], "Zombie": [], "Sheep": [], "purge": [], "written": []}, "creeper8-00009.png": {"Creeper": [], "Pig": [], "Zombie": [], "Sheep": [], "purge": [], "written": []}, "creeper8-00010.png": {"Creeper": [[194.08450704225353, 143.1, 17.169014084507044, 50.35]], "Pig": [], "Zombie": [], "Sheep": [], "purge": false, "written": true}, "creeper8-00011.png": {"Creeper": [[167.2112676056338, 143.1, 12.690140845070422, 41.074999999999996]], "Pig": [], "Zombie": [], "Sheep": [], "purge": false, "written": true}, "creeper8-00012.png": {"Creeper": [[167.95774647887325, 141.775, 10.450704225352112, 43.725]], "Pig": [], "Zombie": [], "Sheep": [], "purge": false, "written": true}, "creeper8-00013.png": {"Creeper": [], "Pig": [], "Zombie": [], "Sheep": [], "purge": [], "written": []}, "creeper8-00014.png": {"Creeper": [[203.7887323943662, 164.29999999999998, 10.450704225352112, 41.074999999999996]], "Pig": [], "Zombie": [], "Sheep": [], "purge": false, "written": true}, "creeper8-00015.png": {"Creeper": [[246.33802816901408, 218.625, 21.647887323943664, 68.89999999999999]], "Pig": [], "Zombie": [], "Sheep": [], "purge": false, "written": true}, "creeper8-00016.png": {"Creeper": [[267.23943661971833, 229.225, 47.028169014084504, 128.525]], "Pig": [], "Zombie": [], "Sheep": [], "purge": false, "written": true}, "creeper8-00017.png": {"Creeper": [[221.70422535211267, 96.725, 86.59154929577466, 168.275]], "Pig": [], "Zombie": [], "Sheep": [], "purge": false, "written": true}, "creeper8-00018.png": {"Creeper": [[151.53521126760563, 84.8, 25.380281690140844, 68.89999999999999]], "Pig": [], "Zombie": [], "Sheep": [], "purge": false, "written": true}, "creeper8-00019.png": {"Creeper": [[147.05633802816902, 135.15, 8.211267605633802, 67.575]], "Pig": [], "Zombie": [], "Sheep": [], "purge": false, "written": true}, "creeper8-00020.png": {"Creeper": [[176.16901408450704, 144.42499999999998, 20.154929577464788, 74.2]], "Pig": [], "Zombie": [], "Sheep": [], "purge": false, "written": true}, "creeper8-00021.png": {"Creeper": [[203.7887323943662, 166.95, 21.647887323943664, 76.85]], "Pig": [], "Zombie": [], "Sheep": [], "purge": false, "written": true}, "creeper8-00022.png": {"Creeper": [], "Pig": [], "Zombie": [], "Sheep": [], "purge": [], "written": []}, "creeper8-00023.png": {"Creeper": [], "Pig": [], "Zombie": [], "Sheep": [], "purge": [], "written": []}, "creeper8-00024.png": {"Creeper": [], "Pig": [], "Zombie": [], "Sheep": [], "purge": [], "written": []}, "creeper8-00025.png": {"Creeper": [[235.14084507042253, 182.85, 23.140845070422536, 82.14999999999999]], "Pig": [], "Zombie": [], "Sheep": [], "purge": false, "written": true}, "creeper8-00026.png": {"Creeper": [[240.3661971830986, 173.575, 21.647887323943664, 79.5]], "Pig": [], "Zombie": [], "Sheep": [], "purge": false, "written": true}, "creeper8-00027.png": {"Creeper": [[216.4788732394366, 151.04999999999998, 15.67605633802817, 55.65]], "Pig": [], "Zombie": [], "Sheep": [], "purge": false, "written": true}, "creeper8-00028.png": {"Creeper": [[274.7042253521127, 184.17499999999998, 19.408450704225352, 59.625]], "Pig": [], "Zombie": [], "Sheep": [], "purge": false, "written": true}, "creeper8-00029.png": {"Creeper": [[213.49295774647888, 140.45, 12.690140845070422, 35.775]], "Pig": [], "Zombie": [], "Sheep": [], "purge": false, "written": true}, "creeper8-00030.png": {"Creeper": [[192.59154929577466, 152.375, 6.71830985915493, 27.825]], "Pig": [], "Zombie": [], "Sheep": [], "purge": false, "written": true}, "creeper8-00031.png": {"Creeper": [[199.30985915492957, 155.025, 6.71830985915493, 30.474999999999998]], "Pig": [], "Zombie": [], "Sheep": [], "purge": false, "written": true}, "creeper8-00032.png": {"Creeper": [[79.87323943661971, 168.275, 11.943661971830986, 37.1]], "Pig": [], "Zombie": [], "Sheep": [], "purge": false, "written": true}, "creeper8-00033.png": {"Creeper": [[45.53521126760563, 215.975, 20.901408450704224, 51.675]], "Pig": [], "Zombie": [], "Sheep": [], "purge": false, "written": true}, "creeper8-00034.png": {"Creeper": [[145.56338028169014, 202.725, 16.422535211267604, 49.025]], "Pig": [], "Zombie": [], "Sheep": [], "purge": false, "written": true}, "creeper8-00035.png": {"Creeper": [[170.19718309859155, 212.0, 26.87323943661972, 67.575]], "Pig": [], "Zombie": [], "Sheep": [], "purge": false, "written": true}, "creeper8-00036.png": {"Creeper": [[178.40845070422534, 180.2, 29.112676056338028, 87.45]], "Pig": [], "Zombie": [], "Sheep": [], "purge": false, "written": true}, "creeper8-00037.png": {"Creeper": [[173.92957746478874, 152.375, 25.380281690140844, 62.275]], "Pig": [], "Zombie": [], "Sheep": [], "purge": false, "written": true}, "creeper8-00038.png": {"Creeper": [[177.66197183098592, 86.125, 32.098591549295776, 120.575]], "Pig": [], "Zombie": [], "Sheep": [], "purge": false, "written": true}, "creeper8-00039.png": {"Creeper": [[159.74647887323943, 137.79999999999998, 16.422535211267604, 70.225]], "Pig": [], "Zombie": [], "Sheep": [], "purge": false, "written": true}, "creeper8-00040.png": {"Creeper": [[156.01408450704224, 151.04999999999998, 13.43661971830986, 46.375]], "Pig": [], "Zombie": [], "Sheep": [], "purge": false, "written": true}, "creeper8-00041.png": {"Creeper": [[156.7605633802817, 149.725, 14.183098591549296, 38.425]], "Pig": [], "Zombie": [], "Sheep": [], "purge": false, "written": true}, "creeper8-00042.png": {"Creeper": [[264.2535211267606, 148.4, 17.169014084507044, 51.675]], "Pig": [], "Zombie": [], "Sheep": [], "purge": false, "written": true}, "creeper8-00043.png": {"Creeper": [[259.77464788732397, 156.35, 15.67605633802817, 54.324999999999996]], "Pig": [], "Zombie": [], "Sheep": [], "purge": false, "written": true}, "creeper8-00044.png": {"Creeper": [], "Pig": [], "Zombie": [], "Sheep": [], "purge": [], "written": []}, "creeper8-00045.png": {"Creeper": [], "Pig": [], "Zombie": [], "Sheep": [], "purge": [], "written": []}, "creeper8-00046.png": {"Creeper": [[173.92957746478874, 165.625, 26.12676056338028, 95.39999999999999]], "Pig": [], "Zombie": [], "Sheep": [], "purge": false, "written": true}, "creeper8-00047.png": {"Creeper": [[173.92957746478874, 165.625, 28.366197183098592, 99.375]], "Pig": [], "Zombie": [], "Sheep": [], "purge": false, "written": true}, "creeper8-00048.png": {"Creeper": [[158.25352112676057, 180.2, 315.76056338028167, 272.95]], "Pig": [], "Zombie": [], "Sheep": [], "purge": false, "written": true}, "creeper8-00049.png": {"Creeper": [[135.11267605633802, 259.7, 103.01408450704226, 113.95]], "Pig": [], "Zombie": [], "Sheep": [], "purge": false, "written": true},