{"pig5-00000.png": {"Creeper": [], "Pig": [[168.70422535211267, 109.975, 20.901408450704224, 56.975]], "Zombie": [], "Sheep": [], "purge": false, "written": true}, "pig5-00001.png": {"Creeper": [], "Pig": [[168.70422535211267, 109.975, 21.647887323943664, 56.975]], "Zombie": [], "Sheep": [], "purge": false, "written": true}, "pig5-00002.png": {"Creeper": [], "Pig": [[149.29577464788733, 184.17499999999998, 23.140845070422536, 54.324999999999996]], "Zombie": [], "Sheep": [], "purge": false, "written": true}, "pig5-00003.png": {"Creeper": [], "Pig": [[217.22535211267606, 210.67499999999998, 38.070422535211264, 47.699999999999996]], "Zombie": [], "Sheep": [], "purge": false, "written": true}, "pig5-00004.png": {"Creeper": [], "Pig": [[211.25352112676057, 241.15, 29.859154929577464, 39.75]], "Zombie": [], "Sheep": [], "purge": false, "written": true}, "pig5-00005.png": {"Creeper": [], "Pig": [[204.53521126760563, 230.54999999999998, 22.3943661971831, 34.449999999999996]], "Zombie": [], "Sheep": [], "purge": false, "written": true}, "pig5-00006.png": {"Creeper": [], "Pig": [[186.61971830985917, 251.75, 13.43661971830986, 41.074999999999996]], "Zombie": [], "Sheep": [], "purge": false, "written": true}, "pig5-00007.png": {"Creeper": [], "Pig": [[96.29577464788733, 226.575, 19.408450704225352, 33.125]], "Zombie": [], "Sheep": [], "purge": false, "written": true}, "pig5-00008.png": {"Creeper": [], "Pig": [[53.74647887323944, 50.35, 31.35211267605634, 30.474999999999998]], "Zombie": [], "Sheep": [], "purge": false, "written": true}, "pig5-00009.png": {"Creeper": [], "Pig": [[180.64788732394365, 46.375, 15.67605633802817, 21.2]], "Zombie": [], "Sheep": [], "purge": false, "written": true}, "pig5-00010.png": {"Creeper": [], "Pig": [[253.05633802816902, 112.625, 22.3943661971831, 23.849999999999998]], "Zombie": [], "Sheep": [], "purge": false, "written": true}, "pig5-00011.png": {"Creeper": [], "Pig": [[292.61971830985914, 284.875, 31.35211267605634, 34.449999999999996]], "Zombie": [], "Sheep": [], "purge": false, "written": true}, "pig5-00012.png": {"Creeper": [], "Pig": [[279.1830985915493, 300.775, 29.112676056338028, 25.175]], "Zombie": [], "Sheep": [], "purge": false, "written": true}, "pig5-00013.png": {"Creeper": [], "Pig": [[206.77464788732394, 214.65, 14.929577464788732, 18.55]], "Zombie": [], "Sheep": [], "purge": false, "written": true}, "pig5-00014.png": {"Creeper": [], "Pig": [[144.07042253521126, 180.2, 12.690140845070422, 13.25]], "Zombie": [], "Sheep": [], "purge": false, "written": true}, "pig5-00015.png": {"Creeper": [], "Pig": [[106.0, 172.25, 13.43661971830986, 14.575]], "Zombie": [], "Sheep": [], "purge": false, "written": true}, "pig5-00016.png": {"Creeper": [], "Pig": [[112.71830985915493, 168.275, 14.183098591549296, 17.224999999999998]], "Zombie": [], "Sheep": [], "purge": false, "written": true}, "pig5-00017.png": {"Creeper": [], "Pig": [[122.4225352112676, 157.67499999999998, 12.690140845070422, 15.899999999999999]], "Zombie": [], "Sheep": [], "purge": false, "written": true}, "pig5-00018.png": {"Creeper": [], "Pig": [[167.2112676056338, 148.4, 5.971830985915493, 13.25]], "Zombie": [], "Sheep": [], "purge": false, "written": true}, "pig5-00019.png": {"Creeper": [], "Pig": [[189.6056338028169, 149.725, 8.95774647887324, 19.875]], "Zombie": [], "Sheep": [], "purge": false, "written": true}, "pig5-00020.png": {"Creeper": [], "Pig": [[88.08450704225352, 135.15, 17.91549295774648, 21.2]], "Zombie": [], "Sheep": [], "purge": false, "written": true}, "pig5-00021.png": {"Creeper": [], "Pig": [[46.28169014084507, 46.375, 25.380281690140844, 25.175]], "Zombie": [], "Sheep": [], "purge": false, "written": true}, "pig5-00022.png": {"Creeper": [], "Pig": [[59.71830985915493, 31.799999999999997, 22.3943661971831, 19.875]], "Zombie": [], "Sheep": [], "purge": false, "written": true}, "pig5-00023.png": {"Creeper": [], "Pig": [[138.8450704225352, 18.55, 14.183098591549296, 17.224999999999998]], "Zombie": [], "Sheep": [], "purge": false, "written": true}, "pig5-00024.png": {"Creeper": [], "Pig": [[241.85915492957747, 19.875, 20.154929577464788, 21.2]], "Zombie": [], "Sheep": [], "purge": false, "written": true}, "pig5-00025.png": {"Creeper": [], "Pig": [[262.76056338028167, 82.14999999999999, 17.91549295774648, 17.224999999999998]], "Zombie": [], "Sheep": [], "purge": false, "written": true}, "pig5-00026.png": {"Creeper": [], "Pig": [[252.30985915492957, 140.45, 16.422535211267604, 13.25]], "Zombie": [], "Sheep": [], "purge": false, "written": true}, "pig5-00027.png": {"Creeper": [], "Pig": [[235.14084507042253, 159.0, 9.704225352112676, 13.25]], "Zombie": [], "Sheep": [], "purge": false, "written": true}, "pig5-00028.png": {"Creeper": [], "Pig": [[169.45070422535213, 186.825, 5.225352112676056, 14.575]], "Zombie": [], "Sheep": [], "purge": false, "written": true}, "pig5-00029.png": {"Creeper": [], "Pig": [[100.02816901408451, 202.725, 8.95774647887324, 18.55]], "Zombie": [], "Sheep": [], "purge": false, "written": true}, "pig5-00030.png": {"Creeper": [], "Pig": [[59.71830985915493, 208.025, 32.84507042253521, 29.15]], "Zombie": [], "Sheep": [], "purge": false, "written": true}, "pig5-00031.png": {"Creeper": [], "Pig": [[18.661971830985916, 254.39999999999998, 37.32394366197183, 43.725]], "Zombie": [], "Sheep": [], "purge": false, "written": true}, "pig5-00032.png": {"Creeper": [], "Pig": [[100.77464788732395, 262.34999999999997, 14.183098591549296, 31.799999999999997]], "Zombie": [], "Sheep": [], "purge": false, "written": true}, "pig5-00033.png": {"Creeper": [], "Pig": [[182.88732394366198, 296.8, 11.943661971830986, 33.125]], "Zombie": [], "Sheep": [], "purge": false, "written": true}, "pig5-00034.png": {"Creeper": [], "Pig": [[253.80281690140845, 295.47499999999997, 19.408450704225352, 33.125]], "Zombie": [], "Sheep": [], "purge": false, "written": true}, "pig5-00035.png": {"Creeper": [], "Pig": [[270.9718309859155, 278.25, 14.929577464788732, 22.525]], "Zombie": [], "Sheep": [], "purge": false, "written": true}, "pig5-00036.png": {"Creeper": [], "Pig": [[197.07042253521126, 161.65, 8.95774647887324, 11.924999999999999]], "Zombie": [], "Sheep": [], "purge": false, "written": true}, "pig5-00037.png": {"Creeper": [], "Pig": [], "Zombie": [], "Sheep": [], "purge": false, "written": false}, "pig5-00038.png": {"Creeper": [], "Pig": [[127.64788732394366, 157.67499999999998, 6.71830985915493, 3.9749999999999996]], "Zombie": [], "Sheep": [], "purge": false, "written": true}, "pig5-00039.png": {"Creeper": [], "Pig": [[117.19718309859155, 168.275, 7.464788732394366, 3.9749999999999996]], "Zombie": [], "Sheep": [], "purge": false, "written": true}, "pig5-00040.png": {"Creeper": [], "Pig": [[110.47887323943662, 170.92499999999998, 9.704225352112676, 7.949999999999999]], "Zombie": [], "Sheep": [], "purge": false, "written": true}, "pig5-00041.png": {"Creeper": [], "Pig": [[106.0, 184.17499999999998, 11.943661971830986, 7.949999999999999]], "Zombie": [], "Sheep": [], "purge": false, "written": true}, "pig5-00042.png": {"Creeper": [], "Pig": [[121.67605633802818, 164.29999999999998, 8.95774647887324, 9.275]], "Zombie": [], "Sheep": [], "purge": false, "written": true}, "pig5-00043.png": {"Creeper": [], "Pig": [[134.3661971830986, 145.75, 12.690140845070422, 5.3]], "Zombie": [], "Sheep": [], "purge": false, "written": true}, "pig5-00044.png": {"Creeper": [], "Pig": [[125.40845070422536, 141.775, 12.690140845070422, 7.949999999999999]], "Zombie": [], "Sheep": [], "purge": false, "written": true}, "pig5-00045.png": {"Creeper": [], "Pig": [[152.28169014084506, 159.0, 14.183098591549296, 17.224999999999998]], "Zombie": [], "Sheep": [], "purge": false, "written": true}, "pig5-00046.png": {"Creeper": [], "Pig": [[166.46478873239437, 153.7, 11.943661971830986, 10.6]], "Zombie": [], "Sheep": [], "purge": false, "written": true}, "pig5-00047.png": {"Creeper": [], "Pig": [[157.50704225352112, 157.67499999999998, 9.704225352112676, 10.6]], "Zombie": [], "Sheep": [],