{"creeper4-00000.png": {"Creeper": [[144.07042253521126, 166.95, 31.35211267605634, 108.64999999999999]], "Pig": [], "Zombie": [], "Sheep": [], "purge": false, "written": true}, "creeper4-00001.png": {"Creeper": [[143.32394366197184, 165.625, 22.3943661971831, 108.64999999999999]], "Pig": [], "Zombie": [], "Sheep": [], "purge": false, "written": true}, "creeper4-00002.png": {"Creeper": [[141.08450704225353, 148.4, 14.929577464788732, 68.89999999999999]], "Pig": [], "Zombie": [], "Sheep": [], "purge": false, "written": true}, "creeper4-00003.png": {"Creeper": [[73.15492957746478, 181.525, 18.661971830985916, 59.625]], "Pig": [], "Zombie": [], "Sheep": [], "purge": false, "written": true}, "creeper4-00004.png": {"Creeper": [[24.633802816901408, 246.45, 30.6056338028169, 63.599999999999994]], "Pig": [], "Zombie": [], "Sheep": [], "purge": false, "written": true}, "creeper4-00005.png": {"Creeper": [[123.16901408450704, 246.45, 15.67605633802817, 49.025]], "Pig": [], "Zombie": [], "Sheep": [], "purge": false, "written": true}, "creeper4-00006.png": {"Creeper": [[253.05633802816902, 249.1, 19.408450704225352, 59.625]], "Pig": [], "Zombie": [], "Sheep": [], "purge": false, "written": true}, "creeper4-00007.png": {"Creeper": [[194.83098591549296, 194.775, 8.95774647887324, 42.4]], "Pig": [], "Zombie": [], "Sheep": [], "purge": false, "written": true}, "creeper4-00008.png": {"Creeper": [[148.5492957746479, 136.475, 11.943661971830986, 43.725]], "Pig": [], "Zombie": [], "Sheep": [], "purge": false, "written": true}, "creeper4-00009.png": {"Creeper": [[116.45070422535211, 88.77499999999999, 14.183098591549296, 51.675]], "Pig": [], "Zombie": [], "Sheep": [], "purge": false, "written": true}, "creeper4-00010.png": {"Creeper": [[58.971830985915496, 60.949999999999996, 36.57746478873239, 79.5]], "Pig": [], "Zombie": [], "Sheep": [], "purge": false, "written": true}, "creeper4-00011.png": {"Creeper": [[133.61971830985917, 70.225, 27.619718309859156, 76.85]], "Pig": [], "Zombie": [], "Sheep": [], "purge": false, "written": true}, "creeper4-00012.png": {"Creeper": [[251.56338028169014, 66.25, 41.80281690140845, 98.05]], "Pig": [], "Zombie": [], "Sheep": [], "purge": false, "written": true}, "creeper4-00013.png": {"Creeper": [[179.1549295774648, 169.6, 18.661971830985916, 78.175]], "Pig": [], "Zombie": [], "Sheep": [], "purge": false, "written": true}, "creeper4-00014.png": {"Creeper": [[100.77464788732395, 237.17499999999998, 21.647887323943664, 72.875]], "Pig": [], "Zombie": [], "Sheep": [], "purge": false, "written": true}, "creeper4-00015.png": {"Creeper": [[68.67605633802818, 257.05, 14.929577464788732, 53.0]], "Pig": [], "Zombie": [], "Sheep": [], "purge": false, "written": true}, "creeper4-00016.png": {"Creeper": [[167.95774647887325, 239.825, 10.450704225352112, 34.449999999999996]], "Pig": [], "Zombie": [], "Sheep": [], "purge": false, "written": true}, "creeper4-00017.png": {"Creeper": [[175.42253521126761, 174.9, 9.704225352112676, 27.825]], "Pig": [], "Zombie": [], "Sheep": [], "purge": false, "written": true}, "creeper4-00018.png": {"Creeper": [[152.28169014084506, 148.4, 8.211267605633802, 25.175]], "Pig": [], "Zombie": [], "Sheep": [], "purge": false, "written": true}, "creeper4-00019.png": {"Creeper": [[104.50704225352112, 106.0, 8.95774647887324, 26.5]], "Pig": [], "Zombie": [], "Sheep": [], "purge": false, "written": true}, "creeper4-00020.png": {"Creeper": [[48.521126760563384, 41.074999999999996, 12.690140845070422, 31.799999999999997]], "Pig": [], "Zombie": [], "Sheep": [], "purge": false, "written": true}, "creeper4-00021.png": {"Creeper": [[177.66197183098592, 29.15, 5.971830985915493, 22.525]], "Pig": [], "Zombie": [], "Sheep": [], "purge": false, "written": true}, "creeper4-00022.png": {"Creeper": [[277.6901408450704, 35.775, 12.690140845070422, 26.5]], "Pig": [], "Zombie": [], "Sheep": [], "purge": false, "written": true}, "creeper4-00023.png": {"Creeper": [[287.3943661971831, 71.55, 12.690140845070422, 27.825]], "Pig": [], "Zombie": [], "Sheep": [], "purge": false, "written": true}, "creeper4-00024.png": {"Creeper": [[298.59154929577466, 208.025, 15.67605633802817, 30.474999999999998]], "Pig": [], "Zombie": [], "Sheep": [], "purge": false, "written": true}, "creeper4-00025.png": {"Creeper": [[246.33802816901408, 302.09999999999997, 12.690140845070422, 23.849999999999998]], "Pig": [], "Zombie": [], "Sheep": [], "purge": false, "written": true}, "creeper4-00026.png": {"Creeper": [[111.22535211267606, 254.39999999999998, 11.19718309859155, 27.825]], "Pig": [], "Zombie": [], "Sheep": [], "purge": false, "written": true}, "creeper4-00027.png": {"Creeper": [[20.154929577464788, 233.2, 14.929577464788732, 27.825]], "Pig": [], "Zombie": [], "Sheep": [], "purge": false, "written": true}, "creeper4-00028.png": {"Creeper": [[114.21126760563381, 121.89999999999999, 7.464788732394366, 19.875]], "Pig": [], "Zombie": [], "Sheep": [], "purge": false, "written": true}, "creeper4-00029.png": {"Creeper": [[121.67605633802818, 98.05, 5.971830985915493, 18.55]], "Pig": [], "Zombie": [], "Sheep": [], "purge": false, "written": true}, "creeper4-00030.png": {"Creeper": [[129.88732394366198, 108.64999999999999, 7.464788732394366, 18.55]], "Pig": [], "Zombie": [], "Sheep": [], "purge": false, "written": true}, "creeper4-00031.png": {"Creeper": [[147.80281690140845, 91.425, 5.971830985915493, 19.875]], "Pig": [], "Zombie": [], "Sheep": [], "purge": false, "written": true}, "creeper4-00032.png": {"Creeper": [[146.30985915492957, 92.75, 7.464788732394366, 18.55]], "Pig": [], "Zombie": [], "Sheep": [], "purge": false, "written": true}, "creeper4-00033.png": {"Creeper": [[145.56338028169014, 107.325, 5.971830985915493, 21.2]], "Pig": [], "Zombie": [], "Sheep": [], "purge": false, "written": true}, "creeper4-00034.png": {"Creeper": [[155.26760563380282, 108.64999999999999, 6.71830985915493, 18.55]], "Pig": [], "Zombie": [], "Sheep": [], "purge": false, "written": true}, "creeper4-00035.png": {"Creeper": [[146.30985915492957, 123.225, 7.464788732394366, 19.875]], "Pig": [], "Zombie": [], "Sheep": [], "purge": false, "written": true}, "creeper4-00036.png": {"Creeper": [[67.92957746478874, 190.79999999999998, 8.211267605633802, 25.175]], "Pig": [], "Zombie": [], "Sheep": [], "purge": false, "written": true}, "creeper4-00037.png": {"Creeper": [[36.57746478873239, 230.54999999999998, 9.704225352112676, 26.5]], "Pig": [], "Zombie": [], "Sheep": [], "purge": false, "written": true}, "creeper4-00038.png": {"Creeper": [[132.8732394366197, 168.275, 8.95774647887324, 23.849999999999998]], "Pig": [], "Zombie": [], "Sheep": [], "purge": false, "written": true}, "creeper4-00039.png": {"Creeper": [[214.2394366197183, 218.625, 7.464788732394366, 22.525]], "Pig": [], "Zombie": [], "Sheep": [], "purge": false, "written": true}, "creeper4-00040.png": {"Creeper": [[304.5633802816901, 275.59999999999997, 23.887323943661972, 70.225]], "Pig": [], "Zombie": [], "Sheep": [], "purge": false, "written": true}, "creeper4-00041.png": {"Creeper": [[287.3943661971831, 116.6, 38.816901408450704, 78.175]], "Pig": [], "Zombie": [], "Sheep": [], "purge": false, "written": true}, "creeper4-00042.png": {"Creeper": [[206.0281690140845, 159.0, 35.83098591549296, 102.02499999999999]], "Pig": [], "Zombie": [], "Sheep": [], "purge": false, "written": true}, "creeper4-00043.png": {"Creeper": [], "Pig": [], "Zombie": [], "Sheep": [], "purge": false, "written": false}, "creeper4-00044.png": {"Creeper": [[202.29577464788733, 267.65, 38.816901408450704, 72.875]], "Pig": [], "Zombie": [], "Sheep": [], "purge": false, "written": true}, "creeper4-00045.png": {"Creeper": [[169.45070422535213, 172.25, 29.112676056338028, 75.52499999999999]], "Pig": [], "Zombie": [], "Sheep": [], "purge": false, "written": true}, "creeper4-00046.png": {"Creeper": [[214.98591549295776, 286.2, 26.87323943661972, 51.675]], "Pig": [], "Zombie": [], "Sheep": [], "purge": false, "written": true}, "creeper4-00047.png": {"Creeper": [], "Pig": [],