{"creeper7-00000.png": {"Creeper": [[155.26760563380282, 162.975, 13.43661971830986, 51.675]], "Pig": [], "Zombie": [], "Sheep": [], "purge": false, "written": true}, "creeper7-00001.png": {"Creeper": [[114.21126760563381, 218.625, 16.422535211267604, 53.0]], "Pig": [], "Zombie": [], "Sheep": [], "purge": false, "written": true}, "creeper7-00002.png": {"Creeper": [[82.85915492957747, 215.975, 16.422535211267604, 59.625]], "Pig": [], "Zombie": [], "Sheep": [], "purge": false, "written": true}, "creeper7-00003.png": {"Creeper": [[54.49295774647887, 235.85, 17.91549295774648, 55.65]], "Pig": [], "Zombie": [], "Sheep": [], "purge": false, "written": true}, "creeper7-00004.png": {"Creeper": [[107.49295774647888, 241.15, 14.183098591549296, 34.449999999999996]], "Pig": [], "Zombie": [], "Sheep": [], "purge": false, "written": true}, "creeper7-00005.png": {"Creeper": [[238.8732394366197, 208.025, 17.169014084507044, 53.0]], "Pig": [], "Zombie": [], "Sheep": [], "purge": false, "written": true}, "creeper7-00006.png": {"Creeper": [[256.7887323943662, 245.125, 16.422535211267604, 58.3]], "Pig": [], "Zombie": [], "Sheep": [], "purge": false, "written": true}, "creeper7-00007.png": {"Creeper": [[239.61971830985917, 213.325, 14.183098591549296, 43.725]], "Pig": [], "Zombie": [], "Sheep": [], "purge": false, "written": true}, "creeper7-00008.png": {"Creeper": [[281.4225352112676, 209.35, 23.887323943661972, 55.65]], "Pig": [], "Zombie": [], "Sheep": [], "purge": false, "written": true}, "creeper7-00009.png": {"Creeper": [[208.26760563380282, 226.575, 13.43661971830986, 43.725]], "Pig": [], "Zombie": [], "Sheep": [], "purge": false, "written": true}, "creeper7-00010.png": {"Creeper": [[116.45070422535211, 238.5, 15.67605633802817, 53.0]], "Pig": [], "Zombie": [], "Sheep": [], "purge": false, "written": true}, "creeper7-00011.png": {"Creeper": [[166.46478873239437, 192.125, 12.690140845070422, 49.025]], "Pig": [], "Zombie": [], "Sheep": [], "purge": false, "written": true}, "creeper7-00012.png": {"Creeper": [[219.46478873239437, 185.5, 30.6056338028169, 82.14999999999999]], "Pig": [], "Zombie": [], "Sheep": [], "purge": false, "written": true}, "creeper7-00013.png": {"Creeper": [[221.70422535211267, 141.775, 41.056338028169016, 139.125]], "Pig": [], "Zombie": [], "Sheep": [], "purge": [], "written": []}, "creeper7-00014.png": {"Creeper": [[155.26760563380282, 213.325, 33.59154929577465, 107.325]], "Pig": [], "Zombie": [], "Sheep": [], "purge": false, "written": true}, "creeper7-00015.png": {"Creeper": [[79.12676056338029, 155.025, 47.774647887323944, 83.475]], "Pig": [], "Zombie": [], "Sheep": [], "purge": false, "written": true}, "creeper7-00016.png": {"Creeper": [[222.45070422535213, 116.6, 29.112676056338028, 86.125]], "Pig": [], "Zombie": [], "Sheep": [], "purge": false, "written": true}, "creeper7-00017.png": {"Creeper": [[244.8450704225352, 233.2, 18.661971830985916, 60.949999999999996]], "Pig": [], "Zombie": [], "Sheep": [], "purge": false, "written": true}, "creeper7-00018.png": {"Creeper": [[182.88732394366198, 190.79999999999998, 13.43661971830986, 35.775]], "Pig": [], "Zombie": [], "Sheep": [], "purge": false, "written": true}, "creeper7-00019.png": {"Creeper": [[137.35211267605635, 165.625, 14.183098591549296, 37.1]], "Pig": [], "Zombie": [], "Sheep": [], "purge": false, "written": true}, "creeper7-00020.png": {"Creeper": [[108.2394366197183, 164.29999999999998, 10.450704225352112, 34.449999999999996]], "Pig": [], "Zombie": [], "Sheep": [], "purge": false, "written": true}, "creeper7-00021.png": {"Creeper": [[31.35211267605634, 136.475, 17.169014084507044, 39.75]], "Pig": [], "Zombie": [], "Sheep": [], "purge": false, "written": true}, "creeper7-00022.png": {"Creeper": [[176.9154929577465, 111.3, 8.211267605633802, 26.5]], "Pig": [], "Zombie": [], "Sheep": [], "purge": false, "written": true}, "creeper7-00023.png": {"Creeper": [[265.0, 117.925, 12.690140845070422, 41.074999999999996]], "Pig": [], "Zombie": [], "Sheep": [], "purge": false, "written": true}, "creeper7-00024.png": {"Creeper": [[285.15492957746477, 133.825, 16.422535211267604, 41.074999999999996]], "Pig": [], "Zombie": [], "Sheep": [], "purge": false, "written": true}, "creeper7-00025.png": {"Creeper": [[199.30985915492957, 170.92499999999998, 13.43661971830986, 39.75]], "Pig": [], "Zombie": [], "Sheep": [], "purge": false, "written": true}, "creeper7-00026.png": {"Creeper": [[212.0, 198.75, 12.690140845070422, 45.05]], "Pig": [], "Zombie": [], "Sheep": [], "purge": false, "written": true}, "creeper7-00027.png": {"Creeper": [[219.46478873239437, 189.475, 17.91549295774648, 62.275]], "Pig": [], "Zombie": [], "Sheep": [], "purge": false, "written": true}, "creeper7-00028.png": {"Creeper": [[196.32394366197184, 246.45, 16.422535211267604, 78.175]], "Pig": [], "Zombie": [], "Sheep": [], "purge": false, "written": true}, "creeper7-00029.png": {"Creeper": [[203.7887323943662, 221.275, 46.28169014084507, 148.4]], "Pig": [], "Zombie": [], "Sheep": [], "purge": false, "written": true}, "creeper7-00030.png": {"Creeper": [[309.0422535211268, 208.025, 13.43661971830986, 141.775]], "Pig": [], "Zombie": [], "Sheep": [], "purge": false, "written": true}, "creeper7-00031.png": {"Creeper": [[182.88732394366198, 136.475, 23.140845070422536, 83.475]], "Pig": [], "Zombie": [], "Sheep": [], "purge": false, "written": true}, "creeper7-00032.png": {"Creeper": [[145.56338028169014, 127.19999999999999, 13.43661971830986, 45.05]], "Pig": [], "Zombie": [], "Sheep": [], "purge": false, "written": true}, "creeper7-00033.png": {"Creeper": [[114.95774647887325, 86.125, 11.943661971830986, 39.75]], "Pig": [], "Zombie": [], "Sheep": [], "purge": false, "written": true}, "creeper7-00034.png": {"Creeper": [[94.80281690140845, 94.075, 14.929577464788732, 39.75]], "Pig": [], "Zombie": [], "Sheep": [], "purge": false, "written": true}, "creeper7-00035.png": {"Creeper": [[182.14084507042253, 60.949999999999996, 11.943661971830986, 34.449999999999996]], "Pig": [], "Zombie": [], "Sheep": [], "purge": false, "written": true}, "creeper7-00036.png": {"Creeper": [[289.63380281690144, 18.55, 19.408450704225352, 38.425]], "Pig": [], "Zombie": [], "Sheep": [], "purge": false, "written": true}, "creeper7-00037.png": {"Creeper": [[306.80281690140845, 64.925, 18.661971830985916, 47.699999999999996]], "Pig": [], "Zombie": [], "Sheep": [], "purge": false, "written": true}, "creeper7-00038.png": {"Creeper": [[254.5492957746479, 91.425, 11.943661971830986, 33.125]], "Pig": [], "Zombie": [], "Sheep": [], "purge": false, "written": true}, "creeper7-00039.png": {"Creeper": [[266.49295774647885, 117.925, 14.183098591549296, 38.425]], "Pig": [], "Zombie": [], "Sheep": [], "purge": false, "written": true}, "creeper7-00040.png": {"Creeper": [[259.0281690140845, 92.75, 14.929577464788732, 33.125]], "Pig": [], "Zombie": [], "Sheep": [], "purge": false, "written": true}, "creeper7-00041.png": {"Creeper": [[246.33802816901408, 98.05, 13.43661971830986, 53.0]], "Pig": [], "Zombie": [], "Sheep": [], "purge": false, "written": true}, "creeper7-00042.png": {"Creeper": [[188.11267605633802, 88.77499999999999, 10.450704225352112, 53.0]], "Pig": [], "Zombie": [], "Sheep": [], "purge": false, "written": true}, "creeper7-00043.png": {"Creeper": [[139.59154929577466, 98.05, 12.690140845070422, 49.025]], "Pig": [], "Zombie": [], "Sheep": [], "purge": false, "written": true}, "creeper7-00044.png": {"Creeper": [[141.83098591549296, 117.925, 14.183098591549296, 53.0]], "Pig": [], "Zombie": [], "Sheep": [], "purge": false, "written": true}, "creeper7-00045.png": {"Creeper": [[167.2112676056338, 144.42499999999998, 14.929577464788732, 74.2]], "Pig": [], "Zombie": [], "Sheep": [], "purge": false, "written": true}, "creeper7-00046.png": {"Creeper": [[202.29577464788733, 143.1, 34.33802816901409, 106.0]], "Pig": [], "Zombie": [], "Sheep": [], "purge": false, "written": true}, "creeper7-00047.png": {"Creeper": [[191.8450704225352, 233.2, 31.35211267605634, 96.725]],