{"pig4-00000.png": {"Creeper": [], "Pig": [[131.38028169014083, 133.825, 46.28169014084507, 75.52499999999999]], "Zombie": [], "Sheep": [], "purge": false, "written": true}, "pig4-00001.png": {"Creeper": [], "Pig": [[94.05633802816901, 108.64999999999999, 24.633802816901408, 49.025]], "Zombie": [], "Sheep": [], "purge": false, "written": true}, "pig4-00002.png": {"Creeper": [], "Pig": [[138.09859154929578, 108.64999999999999, 16.422535211267604, 33.125]], "Zombie": [], "Sheep": [], "purge": false, "written": true}, "pig4-00003.png": {"Creeper": [], "Pig": [[169.45070422535213, 155.025, 30.6056338028169, 51.675]], "Zombie": [], "Sheep": [], "purge": false, "written": true}, "pig4-00004.png": {"Creeper": [], "Pig": [[153.77464788732394, 148.4, 14.183098591549296, 19.875]], "Zombie": [], "Sheep": [], "purge": false, "written": true}, "pig4-00005.png": {"Creeper": [], "Pig": [[141.08450704225353, 131.17499999999998, 11.943661971830986, 29.15]], "Zombie": [], "Sheep": [], "purge": false, "written": true}, "pig4-00006.png": {"Creeper": [], "Pig": [[175.42253521126761, 99.375, 13.43661971830986, 25.175]], "Zombie": [], "Sheep": [], "purge": false, "written": true}, "pig4-00007.png": {"Creeper": [], "Pig": [[177.66197183098592, 115.27499999999999, 20.901408450704224, 33.125]], "Zombie": [], "Sheep": [], "purge": false, "written": true}, "pig4-00008.png": {"Creeper": [], "Pig": [[214.98591549295776, 190.79999999999998, 29.859154929577464, 79.5]], "Zombie": [], "Sheep": [], "purge": false, "written": true}, "pig4-00009.png": {"Creeper": [], "Pig": [[146.30985915492957, 196.1, 32.84507042253521, 62.275]], "Zombie": [], "Sheep": [], "purge": false, "written": true}, "pig4-00010.png": {"Creeper": [], "Pig": [[123.16901408450704, 221.275, 26.12676056338028, 58.3]], "Zombie": [], "Sheep": [], "purge": false, "written": true}, "pig4-00011.png": {"Creeper": [], "Pig": [[148.5492957746479, 176.225, 14.929577464788732, 43.725]], "Zombie": [], "Sheep": [], "purge": false, "written": true}, "pig4-00012.png": {"Creeper": [], "Pig": [[155.26760563380282, 129.85, 15.67605633802817, 38.425]], "Zombie": [], "Sheep": [], "purge": false, "written": true}, "pig4-00013.png": {"Creeper": [], "Pig": [[160.49295774647888, 147.075, 11.19718309859155, 30.474999999999998]], "Zombie": [], "Sheep": [], "purge": false, "written": true}, "pig4-00014.png": {"Creeper": [], "Pig": [[151.53521126760563, 159.0, 12.690140845070422, 23.849999999999998]], "Zombie": [], "Sheep": [], "purge": false, "written": true}, "pig4-00015.png": {"Creeper": [], "Pig": [[140.33802816901408, 149.725, 17.169014084507044, 41.074999999999996]], "Zombie": [], "Sheep": [], "purge": false, "written": true}, "pig4-00016.png": {"Creeper": [], "Pig": [[98.53521126760563, 165.625, 38.070422535211264, 50.35]], "Zombie": [], "Sheep": [], "purge": false, "written": true}, "pig4-00017.png": {"Creeper": [], "Pig": [[110.47887323943662, 100.7, 26.87323943661972, 31.799999999999997]], "Zombie": [], "Sheep": [], "purge": false, "written": true}, "pig4-00018.png": {"Creeper": [], "Pig": [[137.35211267605635, 140.45, 17.91549295774648, 19.875]], "Zombie": [], "Sheep": [], "purge": false, "written": true}, "pig4-00019.png": {"Creeper": [], "Pig": [[179.1549295774648, 210.67499999999998, 16.422535211267604, 21.2]], "Zombie": [], "Sheep": [], "purge": false, "written": true}, "pig4-00020.png": {"Creeper": [], "Pig": [[187.3661971830986, 288.84999999999997, 23.140845070422536, 53.0]], "Zombie": [], "Sheep": [], "purge": false, "written": true}, "pig4-00021.png": {"Creeper": [], "Pig": [], "Zombie": [], "Sheep": [], "purge": false, "written": false}, "pig4-00022.png": {"Creeper": [], "Pig": [[156.01408450704224, 151.04999999999998, 41.80281690140845, 86.125]], "Zombie": [], "Sheep": [], "purge": false, "written": true}, "pig4-00023.png": {"Creeper": [], "Pig": [[151.53521126760563, 133.825, 17.169014084507044, 31.799999999999997]], "Zombie": [], "Sheep": [], "purge": false, "written": true}, "pig4-00024.png": {"Creeper": [], "Pig": [[153.77464788732394, 141.775, 18.661971830985916, 19.875]], "Zombie": [], "Sheep": [], "purge": false, "written": true}, "pig4-00025.png": {"Creeper": [], "Pig": [[223.94366197183098, 166.95, 15.67605633802817, 19.875]], "Zombie": [], "Sheep": [], "purge": false, "written": true}, "pig4-00026.png": {"Creeper": [], "Pig": [[269.4788732394366, 149.725, 11.19718309859155, 18.55]], "Zombie": [], "Sheep": [], "purge": false, "written": true}, "pig4-00027.png": {"Creeper": [], "Pig": [[118.69014084507042, 55.65, 11.19718309859155, 13.25]], "Zombie": [], "Sheep": [], "purge": false, "written": true}, "pig4-00028.png": {"Creeper": [], "Pig": [[27.619718309859156, 35.775, 17.91549295774648, 18.55]], "Zombie": [], "Sheep": [], "purge": false, "written": true}, "pig4-00029.png": {"Creeper": [], "Pig": [[69.4225352112676, 30.474999999999998, 13.43661971830986, 14.575]], "Zombie": [], "Sheep": [], "purge": false, "written": true}, "pig4-00030.png": {"Creeper": [], "Pig": [[99.28169014084507, 33.125, 9.704225352112676, 10.6]], "Zombie": [], "Sheep": [], "purge": false, "written": true}, "pig4-00031.png": {"Creeper": [], "Pig": [], "Zombie": [], "Sheep": [], "purge": false, "written": false}, "pig4-00032.png": {"Creeper": [], "Pig": [], "Zombie": [], "Sheep": [], "purge": false, "written": false}, "pig4-00033.png": {"Creeper": [], "Pig": [[154.5211267605634, 84.8, 5.971830985915493, 10.6]], "Zombie": [], "Sheep": [], "purge": false, "written": true}, "pig4-00034.png": {"Creeper": [], "Pig": [[197.07042253521126, 123.225, 6.71830985915493, 9.275]], "Zombie": [], "Sheep": [], "purge": false, "written": true}, "pig4-00035.png": {"Creeper": [], "Pig": [[224.69014084507043, 127.19999999999999, 8.211267605633802, 9.275]], "Zombie": [], "Sheep": [], "purge": false, "written": true}, "pig4-00036.png": {"Creeper": [], "Pig": [[245.59154929577466, 168.275, 10.450704225352112, 10.6]], "Zombie": [], "Sheep": [], "purge": false, "written": true}, "pig4-00037.png": {"Creeper": [], "Pig": [[238.8732394366197, 164.29999999999998, 10.450704225352112, 13.25]], "Zombie": [], "Sheep": [], "purge": false, "written": true}, "pig4-00038.png": {"Creeper": [], "Pig": [[288.14084507042253, 102.02499999999999, 10.450704225352112, 17.224999999999998]], "Zombie": [], "Sheep": [], "purge": false, "written": true}, "pig4-00039.png": {"Creeper": [], "Pig": [[288.14084507042253, 41.074999999999996, 20.901408450704224, 17.224999999999998]], "Zombie": [], "Sheep": [], "purge": false, "written": true}, "pig4-00040.png": {"Creeper": [], "Pig": [[200.05633802816902, 35.775, 11.19718309859155, 13.25]], "Zombie": [], "Sheep": [], "purge": false, "written": true}, "pig4-00041.png": {"Creeper": [], "Pig": [[105.25352112676056, 21.2, 10.450704225352112, 10.6]], "Zombie": [], "Sheep": [], "purge": false, "written": true}, "pig4-00042.png": {"Creeper": [], "Pig": [[14.929577464788732, 13.25, 15.67605633802817, 15.899999999999999]], "Zombie": [], "Sheep": [], "purge": false, "written": true}, "pig4-00043.png": {"Creeper": [], "Pig": [[20.154929577464788, 25.175, 13.43661971830986, 15.899999999999999]], "Zombie": [], "Sheep": [], "purge": false, "written": true}, "pig4-00044.png": {"Creeper": [], "Pig": [[87.33802816901408, 100.7, 6.71830985915493, 9.275]], "Zombie": [], "Sheep": [], "purge": false, "written": true}, "pig4-00045.png": {"Creeper": [], "Pig": [[17.91549295774648, 238.5, 11.943661971830986, 18.55]], "Zombie": [], "Sheep": [], "purge": false, "written": true}, "pig4-00046.png": {"Creeper": [], "Pig": [[70.16901408450704, 288.84999999999997, 8.211267605633802, 13.25]], "Zombie": [], "Sheep": [], "purge": false, "written": true}, "pig4-00047.png": {"Creeper": [], "Pig": [[213.49295774647888, 280.9, 8.95774647887324, 14.575]], "Zombie": [], "Sheep": [], "purge": false, "written": true}, "pig4-00048.png": {"Creeper": [], "Pig": [[223.94366197183098, 219.95, 5.971830985915493, 9.275]], "Zombie": [], "Sheep": [], "purge": false, "written": true},