{"creeper6-00000.png": {"Creeper": [[150.7887323943662, 137.79999999999998, 26.12676056338028, 95.39999999999999]], "Pig": [], "Zombie": [], "Sheep": [], "purge": false, "written": true}, "creeper6-00001.png": {"Creeper": [[150.04225352112675, 135.15, 29.112676056338028, 103.35]], "Pig": [], "Zombie": [], "Sheep": [], "purge": false, "written": true}, "creeper6-00002.png": {"Creeper": [[147.80281690140845, 153.7, 14.929577464788732, 45.05]], "Pig": [], "Zombie": [], "Sheep": [], "purge": false, "written": true}, "creeper6-00003.png": {"Creeper": [[172.43661971830986, 155.025, 8.211267605633802, 35.775]], "Pig": [], "Zombie": [], "Sheep": [], "purge": false, "written": true}, "creeper6-00004.png": {"Creeper": [[173.92957746478874, 181.525, 10.450704225352112, 42.4]], "Pig": [], "Zombie": [], "Sheep": [], "purge": false, "written": true}, "creeper6-00005.png": {"Creeper": [[264.2535211267606, 251.75, 16.422535211267604, 50.35]], "Pig": [], "Zombie": [], "Sheep": [], "purge": false, "written": true}, "creeper6-00006.png": {"Creeper": [[220.2112676056338, 213.325, 10.450704225352112, 43.725]], "Pig": [], "Zombie": [], "Sheep": [], "purge": false, "written": true}, "creeper6-00007.png": {"Creeper": [[148.5492957746479, 184.17499999999998, 10.450704225352112, 37.1]], "Pig": [], "Zombie": [], "Sheep": [], "purge": false, "written": true}, "creeper6-00008.png": {"Creeper": [[133.61971830985917, 149.725, 7.464788732394366, 31.799999999999997]], "Pig": [], "Zombie": [], "Sheep": [], "purge": false, "written": true}, "creeper6-00009.png": {"Creeper": [[126.15492957746478, 144.42499999999998, 10.450704225352112, 30.474999999999998]], "Pig": [], "Zombie": [], "Sheep": [], "purge": false, "written": true}, "creeper6-00010.png": {"Creeper": [[114.95774647887325, 144.42499999999998, 8.95774647887324, 23.849999999999998]], "Pig": [], "Zombie": [], "Sheep": [], "purge": false, "written": true}, "creeper6-00011.png": {"Creeper": [[106.74647887323944, 141.775, 7.464788732394366, 21.2]], "Pig": [], "Zombie": [], "Sheep": [], "purge": false, "written": true}, "creeper6-00012.png": {"Creeper": [[113.46478873239437, 143.1, 3.732394366197183, 18.55]], "Pig": [], "Zombie": [], "Sheep": [], "purge": false, "written": true}, "creeper6-00013.png": {"Creeper": [[167.2112676056338, 164.29999999999998, 6.71830985915493, 27.825]], "Pig": [], "Zombie": [], "Sheep": [], "purge": false, "written": true}, "creeper6-00014.png": {"Creeper": [[167.95774647887325, 182.85, 6.71830985915493, 23.849999999999998]], "Pig": [], "Zombie": [], "Sheep": [], "purge": false, "written": true}, "creeper6-00015.png": {"Creeper": [[176.16901408450704, 190.79999999999998, 10.450704225352112, 34.449999999999996]], "Pig": [], "Zombie": [], "Sheep": [], "purge": false, "written": true}, "creeper6-00016.png": {"Creeper": [[167.2112676056338, 164.29999999999998, 15.67605633802817, 51.675]], "Pig": [], "Zombie": [], "Sheep": [], "purge": false, "written": true}, "creeper6-00017.png": {"Creeper": [[181.3943661971831, 198.75, 21.647887323943664, 59.625]], "Pig": [], "Zombie": [], "Sheep": [], "purge": false, "written": true}, "creeper6-00018.png": {"Creeper": [[153.0281690140845, 176.225, 64.19718309859155, 206.7]], "Pig": [], "Zombie": [], "Sheep": [], "purge": false, "written": true}, "creeper6-00019.png": {"Creeper": [[69.4225352112676, 208.025, 79.12676056338029, 205.375]], "Pig": [], "Zombie": [], "Sheep": [], "purge": false, "written": true}, "creeper6-00020.png": {"Creeper": [[111.97183098591549, 219.95, 38.816901408450704, 80.825]], "Pig": [], "Zombie": [], "Sheep": [], "purge": false, "written": true}, "creeper6-00021.png": {"Creeper": [[97.04225352112677, 139.125, 18.661971830985916, 50.35]], "Pig": [], "Zombie": [], "Sheep": [], "purge": false, "written": true}, "creeper6-00022.png": {"Creeper": [[121.67605633802818, 132.5, 14.183098591549296, 49.025]], "Pig": [], "Zombie": [], "Sheep": [], "purge": false, "written": true}, "creeper6-00023.png": {"Creeper": [[128.3943661971831, 147.075, 11.943661971830986, 41.074999999999996]], "Pig": [], "Zombie": [], "Sheep": [], "purge": false, "written": true}, "creeper6-00024.png": {"Creeper": [[41.056338028169016, 222.6, 14.929577464788732, 39.75]], "Pig": [], "Zombie": [], "Sheep": [], "purge": false, "written": true}, "creeper6-00025.png": {"Creeper": [[72.40845070422536, 261.025, 11.19718309859155, 47.699999999999996]], "Pig": [], "Zombie": [], "Sheep": [], "purge": false, "written": true}, "creeper6-00026.png": {"Creeper": [[173.1830985915493, 192.125, 9.704225352112676, 46.375]], "Pig": [], "Zombie": [], "Sheep": [], "purge": false, "written": true}, "creeper6-00027.png": {"Creeper": [[214.98591549295776, 205.375, 13.43661971830986, 67.575]], "Pig": [], "Zombie": [], "Sheep": [], "purge": false, "written": true}, "creeper6-00028.png": {"Creeper": [[237.38028169014083, 213.325, 27.619718309859156, 94.075]], "Pig": [], "Zombie": [], "Sheep": [], "purge": false, "written": true}, "creeper6-00029.png": {"Creeper": [[240.3661971830986, 182.85, 24.633802816901408, 99.375]], "Pig": [], "Zombie": [], "Sheep": [], "purge": false, "written": true}, "creeper6-00030.png": {"Creeper": [[180.64788732394365, 189.475, 20.901408450704224, 76.85]], "Pig": [], "Zombie": [], "Sheep": [], "purge": false, "written": true}, "creeper6-00031.png": {"Creeper": [[164.22535211267606, 157.67499999999998, 39.563380281690144, 116.6]], "Pig": [], "Zombie": [], "Sheep": [], "purge": false, "written": true}, "creeper6-00032.png": {"Creeper": [[158.25352112676057, 176.225, 315.01408450704224, 280.9]], "Pig": [], "Zombie": [], "Sheep": [], "purge": false, "written": true}, "creeper6-00033.png": {"Creeper": [[201.5492957746479, 104.675, 49.267605633802816, 78.175]], "Pig": [], "Zombie": [], "Sheep": [], "purge": false, "written": true}, "creeper6-00034.png": {"Creeper": [[166.46478873239437, 181.525, 22.3943661971831, 35.775]], "Pig": [], "Zombie": [], "Sheep": [], "purge": false, "written": true}, "creeper6-00035.png": {"Creeper": [[235.88732394366198, 136.475, 30.6056338028169, 42.4]], "Pig": [], "Zombie": [], "Sheep": [], "purge": false, "written": true}, "creeper6-00036.png": {"Creeper": [[209.7605633802817, 112.625, 34.33802816901409, 68.89999999999999]], "Pig": [], "Zombie": [], "Sheep": [], "purge": false, "written": true}, "creeper6-00037.png": {"Creeper": [[58.971830985915496, 51.675, 35.83098591549296, 96.725]], "Pig": [], "Zombie": [], "Sheep": [], "purge": false, "written": true}, "creeper6-00038.png": {"Creeper": [[24.633802816901408, 38.425, 24.633802816901408, 70.225]], "Pig": [], "Zombie": [], "Sheep": [], "purge": false, "written": true}, "creeper6-00039.png": {"Creeper": [[194.83098591549296, 54.324999999999996, 35.83098591549296, 79.5]], "Pig": [], "Zombie": [], "Sheep": [], "purge": false, "written": true}, "creeper6-00040.png": {"Creeper": [[207.5211267605634, 120.575, 32.84507042253521, 107.325]], "Pig": [], "Zombie": [], "Sheep": [], "purge": false, "written": true}, "creeper6-00041.png": {"Creeper": [[194.08450704225353, 15.899999999999999, 68.67605633802818, 23.849999999999998]], "Pig": [], "Zombie": [], "Sheep": [], "purge": false, "written": true}, "creeper6-00042.png": {"Creeper": [[225.43661971830986, 229.225, 43.29577464788733, 170.92499999999998]], "Pig": [], "Zombie": [], "Sheep": [], "purge": false, "written": true}, "creeper6-00043.png": {"Creeper": [[70.91549295774648, 192.125, 141.83098591549296, 243.79999999999998]], "Pig": [], "Zombie": [], "Sheep": [], "purge": false, "written": true}, "creeper6-00044.png": {"Creeper": [[142.57746478873239, 172.25, 39.563380281690144, 159.0]], "Pig": [], "Zombie": [], "Sheep": [], "purge": false, "written": true}, "creeper6-00045.png": {"Creeper": [[18.661971830985916, 192.125, 38.070422535211264, 164.29999999999998]], "Pig": [], "Zombie": [], "Sheep": [], "purge": false, "written": true}, "creeper6-00046.png": {"Creeper": [[158.25352112676057, 121.89999999999999, 27.619718309859156, 87.45]], "Pig": [], "Zombie": [],