{"pig10-00000.png": {"Creeper": [], "Pig": [[146.30985915492957, 176.225, 79.87323943661971, 94.075]], "Zombie": [], "Sheep": [], "purge": false, "written": true}, "pig10-00001.png": {"Creeper": [], "Pig": [[146.30985915492957, 178.875, 80.61971830985915, 95.39999999999999]], "Zombie": [], "Sheep": [], "purge": false, "written": true}, "pig10-00002.png": {"Creeper": [], "Pig": [[221.70422535211267, 212.0, 179.1549295774648, 201.4]], "Zombie": [], "Sheep": [], "purge": false, "written": true}, "pig10-00003.png": {"Creeper": [], "Pig": [[196.32394366197184, 169.6, 48.521126760563384, 103.35]], "Zombie": [], "Sheep": [], "purge": false, "written": true}, "pig10-00004.png": {"Creeper": [], "Pig": [[182.88732394366198, 159.0, 26.12676056338028, 45.05]], "Zombie": [], "Sheep": [], "purge": false, "written": true}, "pig10-00005.png": {"Creeper": [], "Pig": [[130.6338028169014, 169.6, 31.35211267605634, 38.425]], "Zombie": [], "Sheep": [], "purge": false, "written": true}, "pig10-00006.png": {"Creeper": [], "Pig": [[122.4225352112676, 159.0, 31.35211267605634, 33.125]], "Zombie": [], "Sheep": [], "purge": false, "written": true}, "pig10-00007.png": {"Creeper": [], "Pig": [[61.95774647887324, 132.5, 42.54929577464789, 56.975]], "Zombie": [], "Sheep": [], "purge": false, "written": true}, "pig10-00008.png": {"Creeper": [], "Pig": [[85.09859154929578, 172.25, 30.6056338028169, 50.35]], "Zombie": [], "Sheep": [], "purge": false, "written": true}, "pig10-00009.png": {"Creeper": [], "Pig": [[72.40845070422536, 121.89999999999999, 29.859154929577464, 39.75]], "Zombie": [], "Sheep": [], "purge": false, "written": true}, "pig10-00010.png": {"Creeper": [], "Pig": [[128.3943661971831, 170.92499999999998, 26.12676056338028, 37.1]], "Zombie": [], "Sheep": [], "purge": false, "written": true}, "pig10-00011.png": {"Creeper": [], "Pig": [[172.43661971830986, 174.9, 35.08450704225352, 41.074999999999996]], "Zombie": [], "Sheep": [], "purge": false, "written": true}, "pig10-00012.png": {"Creeper": [], "Pig": [[208.26760563380282, 123.225, 30.6056338028169, 34.449999999999996]], "Zombie": [], "Sheep": [], "purge": false, "written": true}, "pig10-00013.png": {"Creeper": [], "Pig": [[210.50704225352112, 176.225, 14.929577464788732, 37.1]], "Zombie": [], "Sheep": [], "purge": false, "written": true}, "pig10-00014.png": {"Creeper": [], "Pig": [], "Zombie": [], "Sheep": [], "purge": [], "written": []}, "pig10-00015.png": {"Creeper": [], "Pig": [], "Zombie": [], "Sheep": [], "purge": false, "written": false}, "pig10-00016.png": {"Creeper": [], "Pig": [], "Zombie": [], "Sheep": [], "purge": false, "written": false}, "pig10-00017.png": {"Creeper": [], "Pig": [], "Zombie": [], "Sheep": [], "purge": false, "written": false}, "pig10-00018.png": {"Creeper": [], "Pig": [], "Zombie": [], "Sheep": [], "purge": false, "written": false}, "pig10-00019.png": {"Creeper": [], "Pig": [], "Zombie": [], "Sheep": [], "purge": false, "written": false}, "pig10-00020.png": {"Creeper": [], "Pig": [], "Zombie": [], "Sheep": [], "purge": false, "written": false}, "pig10-00021.png": {"Creeper": [], "Pig": [[219.46478873239437, 239.825, 25.380281690140844, 58.3]], "Zombie": [], "Sheep": [], "purge": false, "written": true}, "pig10-00022.png": {"Creeper": [], "Pig": [[156.7605633802817, 246.45, 55.23943661971831, 100.7]], "Zombie": [], "Sheep": [], "purge": false, "written": true}, "pig10-00023.png": {"Creeper": [], "Pig": [[35.08450704225352, 161.65, 70.91549295774648, 156.35]], "Zombie": [], "Sheep": [], "purge": false, "written": true}, "pig10-00024.png": {"Creeper": [], "Pig": [[55.985915492957744, 127.19999999999999, 112.71830985915493, 161.65]], "Zombie": [], "Sheep": [], "purge": false, "written": true}, "pig10-00025.png": {"Creeper": [], "Pig": [[63.45070422535211, 275.59999999999997, 124.66197183098592, 80.825]], "Zombie": [], "Sheep": [], "purge": false, "written": true}, "pig10-00026.png": {"Creeper": [], "Pig": [[195.57746478873239, 128.525, 159.74647887323943, 156.35]], "Zombie": [], "Sheep": [], "purge": false, "written": true}, "pig10-00027.png": {"Creeper": [], "Pig": [[123.91549295774648, 251.75, 89.5774647887324, 131.17499999999998]], "Zombie": [], "Sheep": [], "purge": false, "written": true}, "pig10-00028.png": {"Creeper": [], "Pig": [[91.8169014084507, 295.47499999999997, 70.91549295774648, 41.074999999999996]], "Zombie": [], "Sheep": [], "purge": false, "written": true}, "pig10-00029.png": {"Creeper": [], "Pig": [], "Zombie": [], "Sheep": [], "purge": false, "written": false}, "pig10-00030.png": {"Creeper": [], "Pig": [[218.71830985915494, 190.79999999999998, 31.35211267605634, 29.15]], "Zombie": [], "Sheep": [], "purge": false, "written": true}, "pig10-00031.png": {"Creeper": [], "Pig": [[226.92957746478874, 206.7, 29.859154929577464, 45.05]], "Zombie": [], "Sheep": [], "purge": false, "written": true}, "pig10-00032.png": {"Creeper": [], "Pig": [], "Zombie": [], "Sheep": [], "purge": false, "written": false}, "pig10-00033.png": {"Creeper": [], "Pig": [[111.97183098591549, 242.475, 51.50704225352113, 111.3]], "Zombie": [], "Sheep": [], "purge": false, "written": true}, "pig10-00034.png": {"Creeper": [], "Pig": [[177.66197183098592, 266.325, 53.74647887323944, 88.77499999999999]], "Zombie": [], "Sheep": [], "purge": false, "written": true}, "pig10-00035.png": {"Creeper": [], "Pig": [[250.07042253521126, 287.525, 78.38028169014085, 54.324999999999996]], "Zombie": [], "Sheep": [], "purge": false, "written": true}, "pig10-00036.png": {"Creeper": [], "Pig": [[108.98591549295774, 234.525, 83.6056338028169, 145.75]], "Zombie": [], "Sheep": [], "purge": false, "written": true}, "pig10-00037.png": {"Creeper": [], "Pig": [[176.9154929577465, 119.25, 72.40845070422536, 141.775]], "Zombie": [], "Sheep": [], "purge": false, "written": true}, "pig10-00038.png": {"Creeper": [], "Pig": [[233.64788732394365, 270.3, 66.43661971830986, 90.1]], "Zombie": [], "Sheep": [], "purge": false, "written": true}, "pig10-00039.png": {"Creeper": [], "Pig": [], "Zombie": [], "Sheep": [], "purge": false, "written": false}, "pig10-00040.png": {"Creeper": [], "Pig": [[103.01408450704226, 176.225, 22.3943661971831, 29.15]], "Zombie": [], "Sheep": [], "purge": false, "written": true}, "pig10-00041.png": {"Creeper": [], "Pig": [[88.08450704225352, 189.475, 25.380281690140844, 34.449999999999996]], "Zombie": [], "Sheep": [], "purge": false, "written": true}, "pig10-00042.png": {"Creeper": [], "Pig": [[94.80281690140845, 206.7, 27.619718309859156, 55.65]], "Zombie": [], "Sheep": [], "purge": false, "written": true}, "pig10-00043.png": {"Creeper": [], "Pig": [[120.1830985915493, 119.25, 38.070422535211264, 68.89999999999999]], "Zombie": [], "Sheep": [], "purge": false, "written": true}, "pig10-00044.png": {"Creeper": [], "Pig": [[210.50704225352112, 233.2, 60.46478873239437, 166.95]], "Zombie": [], "Sheep": [], "purge": false, "written": true}, "pig10-00045.png": {"Creeper": [], "Pig": [[233.64788732394365, 257.05, 97.78873239436619, 119.25]], "Zombie": [], "Sheep": [], "purge": false, "written": true}, "pig10-00046.png": {"Creeper": [], "Pig": [[187.3661971830986, 63.599999999999994, 103.01408450704226, 127.19999999999999]], "Zombie": [], "Sheep": [], "purge": false, "written": true}, "pig10-00047.png": {"Creeper": [], "Pig": [], "Zombie": [], "Sheep": [], "purge": false, "written": false}, "pig10-00048.png": {"Creeper": [], "Pig": [[132.1267605633803, 219.95, 41.056338028169016, 74.2]], "Zombie": [], "Sheep": [], "purge": false, "written": true}, "pig10-00049.png": {"Creeper": [], "Pig": [[157.50704225352112, 200.075, 41.80281690140845, 50.35]], "Zombie": [], "Sheep": [], "purge": false, "written": true}, "pig10-00050.png": {"Creeper": [], "Pig": [[185.1267605633803, 127.19999999999999, 31.35211267605634, 39.75]], "Zombie": [], "Sheep": [], "purge": false, "written": true}, "pig10-00051.png": {"Creeper": [], "Pig": [[184.38028169014083, 153.7, 19.408450704225352, 35.775]], "Zombie": [], "Sheep": [], "purge": false,