{"pig8-00000.png": {"Creeper": [], "Pig": [[222.45070422535213, 214.65, 29.112676056338028, 72.875]], "Zombie": [], "Sheep": [], "purge": false, "written": true}, "pig8-00001.png": {"Creeper": [], "Pig": [[223.94366197183098, 215.975, 27.619718309859156, 71.55]], "Zombie": [], "Sheep": [], "purge": false, "written": true}, "pig8-00002.png": {"Creeper": [], "Pig": [[279.92957746478874, 254.39999999999998, 76.14084507042253, 124.55]], "Zombie": [], "Sheep": [], "purge": false, "written": true}, "pig8-00003.png": {"Creeper": [], "Pig": [[184.38028169014083, 180.2, 45.53521126760563, 63.599999999999994]], "Zombie": [], "Sheep": [], "purge": false, "written": true}, "pig8-00004.png": {"Creeper": [], "Pig": [[161.2394366197183, 148.4, 13.43661971830986, 30.474999999999998]], "Zombie": [], "Sheep": [], "purge": false, "written": true}, "pig8-00005.png": {"Creeper": [], "Pig": [[167.95774647887325, 147.075, 8.211267605633802, 14.575]], "Zombie": [], "Sheep": [], "purge": false, "written": true}, "pig8-00006.png": {"Creeper": [], "Pig": [], "Zombie": [], "Sheep": [], "purge": false, "written": false}, "pig8-00007.png": {"Creeper": [], "Pig": [[169.45070422535213, 157.67499999999998, 6.71830985915493, 7.949999999999999]], "Zombie": [], "Sheep": [], "purge": false, "written": true}, "pig8-00008.png": {"Creeper": [], "Pig": [[140.33802816901408, 182.85, 12.690140845070422, 18.55]], "Zombie": [], "Sheep": [], "purge": false, "written": true}, "pig8-00009.png": {"Creeper": [], "Pig": [[167.95774647887325, 217.29999999999998, 20.901408450704224, 14.575]], "Zombie": [], "Sheep": [], "purge": false, "written": true}, "pig8-00010.png": {"Creeper": [], "Pig": [[107.49295774647888, 237.17499999999998, 47.028169014084504, 46.375]], "Zombie": [], "Sheep": [], "purge": false, "written": true}, "pig8-00011.png": {"Creeper": [], "Pig": [[43.29577464788733, 209.35, 52.25352112676056, 50.35]], "Zombie": [], "Sheep": [], "purge": false, "written": true}, "pig8-00012.png": {"Creeper": [], "Pig": [[156.01408450704224, 196.1, 10.450704225352112, 25.175]], "Zombie": [], "Sheep": [], "purge": false, "written": true}, "pig8-00013.png": {"Creeper": [], "Pig": [], "Zombie": [], "Sheep": [], "purge": false, "written": false}, "pig8-00014.png": {"Creeper": [], "Pig": [], "Zombie": [], "Sheep": [], "purge": false, "written": false}, "pig8-00015.png": {"Creeper": [], "Pig": [[156.01408450704224, 157.67499999999998, 8.95774647887324, 10.6]], "Zombie": [], "Sheep": [], "purge": false, "written": true}, "pig8-00016.png": {"Creeper": [], "Pig": [[166.46478873239437, 165.625, 8.211267605633802, 19.875]], "Zombie": [], "Sheep": [], "purge": false, "written": true}, "pig8-00017.png": {"Creeper": [], "Pig": [[150.04225352112675, 160.325, 10.450704225352112, 14.575]], "Zombie": [], "Sheep": [], "purge": false, "written": true}, "pig8-00018.png": {"Creeper": [], "Pig": [], "Zombie": [], "Sheep": [], "purge": false, "written": false}, "pig8-00019.png": {"Creeper": [], "Pig": [[109.73239436619718, 169.6, 20.154929577464788, 27.825]], "Zombie": [], "Sheep": [], "purge": false, "written": true}, "pig8-00020.png": {"Creeper": [], "Pig": [[101.52112676056338, 190.79999999999998, 34.33802816901409, 55.65]], "Zombie": [], "Sheep": [], "purge": false, "written": true}, "pig8-00021.png": {"Creeper": [], "Pig": [[73.90140845070422, 249.1, 94.05633802816901, 135.15]], "Zombie": [], "Sheep": [], "purge": false, "written": true}, "pig8-00022.png": {"Creeper": [], "Pig": [[128.3943661971831, 274.275, 108.2394366197183, 87.45]], "Zombie": [], "Sheep": [], "purge": false, "written": true}, "pig8-00023.png": {"Creeper": [], "Pig": [[145.56338028169014, 230.54999999999998, 32.84507042253521, 131.17499999999998]], "Zombie": [], "Sheep": [], "purge": false, "written": true}, "pig8-00024.png": {"Creeper": [], "Pig": [[214.98591549295776, 178.875, 15.67605633802817, 49.025]], "Zombie": [], "Sheep": [], "purge": false, "written": true}, "pig8-00025.png": {"Creeper": [], "Pig": [], "Zombie": [], "Sheep": [], "purge": false, "written": false}, "pig8-00026.png": {"Creeper": [], "Pig": [[204.53521126760563, 119.25, 22.3943661971831, 11.924999999999999]], "Zombie": [], "Sheep": [], "purge": false, "written": true}, "pig8-00027.png": {"Creeper": [], "Pig": [[219.46478873239437, 172.25, 20.901408450704224, 25.175]], "Zombie": [], "Sheep": [], "purge": false, "written": true}, "pig8-00028.png": {"Creeper": [], "Pig": [[250.07042253521126, 209.35, 20.901408450704224, 25.175]], "Zombie": [], "Sheep": [], "purge": false, "written": true}, "pig8-00029.png": {"Creeper": [], "Pig": [[307.5492957746479, 235.85, 18.661971830985916, 30.474999999999998]], "Zombie": [], "Sheep": [], "purge": false, "written": true}, "pig8-00030.png": {"Creeper": [], "Pig": [[269.4788732394366, 180.2, 21.647887323943664, 25.175]], "Zombie": [], "Sheep": [], "purge": false, "written": true}, "pig8-00031.png": {"Creeper": [], "Pig": [[265.7464788732394, 212.0, 16.422535211267604, 25.175]], "Zombie": [], "Sheep": [], "purge": false, "written": true}, "pig8-00032.png": {"Creeper": [], "Pig": [[182.88732394366198, 160.325, 11.19718309859155, 13.25]], "Zombie": [], "Sheep": [], "purge": false, "written": true}, "pig8-00033.png": {"Creeper": [], "Pig": [[130.6338028169014, 136.475, 9.704225352112676, 13.25]], "Zombie": [], "Sheep": [], "purge": false, "written": true}, "pig8-00034.png": {"Creeper": [], "Pig": [[50.76056338028169, 230.54999999999998, 15.67605633802817, 17.224999999999998]], "Zombie": [], "Sheep": [], "purge": false, "written": true}, "pig8-00035.png": {"Creeper": [], "Pig": [[45.53521126760563, 239.825, 14.183098591549296, 18.55]], "Zombie": [], "Sheep": [], "purge": false, "written": true}, "pig8-00036.png": {"Creeper": [], "Pig": [[65.69014084507042, 225.25, 10.450704225352112, 23.849999999999998]], "Zombie": [], "Sheep": [], "purge": false, "written": true}, "pig8-00037.png": {"Creeper": [], "Pig": [[121.67605633802818, 210.67499999999998, 7.464788732394366, 15.899999999999999]], "Zombie": [], "Sheep": [], "purge": false, "written": true}, "pig8-00038.png": {"Creeper": [], "Pig": [[158.25352112676057, 208.025, 9.704225352112676, 17.224999999999998]], "Zombie": [], "Sheep": [], "purge": false, "written": true}, "pig8-00039.png": {"Creeper": [], "Pig": [[168.70422535211267, 222.6, 14.183098591549296, 15.899999999999999]], "Zombie": [], "Sheep": [], "purge": false, "written": true}, "pig8-00040.png": {"Creeper": [], "Pig": [[204.53521126760563, 235.85, 17.169014084507044, 23.849999999999998]], "Zombie": [], "Sheep": [], "purge": false, "written": true}, "pig8-00041.png": {"Creeper": [], "Pig": [[286.6478873239437, 245.125, 28.366197183098592, 25.175]], "Zombie": [], "Sheep": [], "purge": false, "written": true}, "pig8-00042.png": {"Creeper": [], "Pig": [[220.95774647887325, 223.92499999999998, 13.43661971830986, 17.224999999999998]], "Zombie": [], "Sheep": [], "purge": false, "written": true}, "pig8-00043.png": {"Creeper": [], "Pig": [[167.2112676056338, 165.625, 10.450704225352112, 10.6]], "Zombie": [], "Sheep": [], "purge": false, "written": true}, "pig8-00044.png": {"Creeper": [], "Pig": [], "Zombie": [], "Sheep": [], "purge": false, "written": false}, "pig8-00045.png": {"Creeper": [], "Pig": [], "Zombie": [], "Sheep": [], "purge": false, "written": false}, "pig8-00046.png": {"Creeper": [], "Pig": [[185.1267605633803, 255.725, 19.408450704225352, 67.575]], "Zombie": [], "Sheep": [], "purge": false, "written": true}, "pig8-00047.png": {"Creeper": [], "Pig": [[183.6338028169014, 247.775, 27.619718309859156, 90.1]], "Zombie": [], "Sheep": [], "purge": false, "written": true}, "pig8-00048.png": {"Creeper": [], "Pig": [[194.83098591549296, 245.125, 39.563380281690144, 58.3]], "Zombie": [], "Sheep": [], "purge": false, "written": true}, "pig8-00049.png": {"Creeper": [], "Pig": [[159.0, 210.67499999999998, 21.647887323943664, 47.699999999999996]], "Zombie": [], "Sheep": [], "purge": false, "written": true}, "pig8-00050.png": {"Creeper": [], "Pig": [],